a,b,n_nodes,steps,success
4,4,16,12,1
4,4,16,10,1
4,4,16,12,1
4,4,16,14,1
4,4,16,14,1
4,4,16,8,1
4,4,16,10,1
4,4,16,12,1
4,4,16,16,1
4,4,16,16,1
4,4,16,12,1
4,4,16,12,1
4,4,16,14,1
4,4,16,16,1
4,4,16,16,1
4,4,16,12,1
4,4,16,15,1
4,4,16,14,1
4,4,16,14,1
4,4,16,12,1
4,4,16,17,1
4,4,16,10,1
4,4,16,13,1
4,4,16,14,1
4,4,16,15,1
4,4,16,13,1
4,4,16,15,1
4,4,16,14,1
4,4,16,8,1
4,4,16,16,1
4,4,16,9,1
4,4,16,15,1
4,4,16,13,1
4,4,16,12,1
4,4,16,12,1
4,4,16,9,1
4,4,16,12,1
4,4,16,12,1
4,4,16,14,1
4,4,16,13,1
4,4,16,15,1
4,4,16,12,1
4,4,16,13,1
4,4,16,14,1
4,4,16,13,1
4,4,16,9,1
4,4,16,15,1
4,4,16,11,1
4,4,16,12,1
4,4,16,14,1
4,4,16,9,1
4,4,16,13,1
4,4,16,10,1
4,4,16,11,1
4,4,16,15,1
4,4,16,8,1
4,4,16,13,1
4,4,16,13,1
4,4,16,14,1
4,4,16,16,1
4,4,16,14,1
4,4,16,13,1
4,4,16,15,1
4,4,16,8,1
4,4,16,9,1
4,4,16,13,1
4,4,16,8,1
4,4,16,9,1
4,4,16,13,1
4,4,16,12,1
4,4,16,11,1
4,4,16,13,1
4,4,16,8,1
4,4,16,10,1
4,4,16,16,1
4,4,16,14,1
4,4,16,18,1
4,4,16,18,1
4,4,16,8,1
4,4,16,11,1
4,4,16,10,1
4,4,16,15,1
4,4,16,11,1
4,4,16,12,1
4,4,16,10,1
4,4,16,18,1
4,4,16,14,1
4,4,16,19,1
4,4,16,15,1
4,4,16,9,1
4,4,16,17,1
4,4,16,11,1
4,4,16,12,1
4,4,16,10,1
4,4,16,15,1
4,4,16,15,1
4,4,16,9,1
4,4,16,16,1
4,4,16,15,1
4,4,16,17,1
5,5,25,15,1
5,5,25,19,1
5,5,25,19,1
5,5,25,22,1
5,5,25,18,1
5,5,25,23,1
5,5,25,18,1
5,5,25,21,1
5,5,25,18,1
5,5,25,12,1
5,5,25,21,1
5,5,25,20,1
5,5,25,28,1
5,5,25,13,1
5,5,25,16,1
5,5,25,14,1
5,5,25,17,1
5,5,25,19,1
5,5,25,27,1
5,5,25,23,1
5,5,25,23,1
5,5,25,19,1
5,5,25,18,1
5,5,25,18,1
5,5,25,22,1
5,5,25,14,1
5,5,25,14,1
5,5,25,19,1
5,5,25,19,1
5,5,25,19,1
5,5,25,14,1
5,5,25,18,1
5,5,25,20,1
5,5,25,16,1
5,5,25,17,1
5,5,25,16,1
5,5,25,15,1
5,5,25,19,1
5,5,25,18,1
5,5,25,22,1
5,5,25,20,1
5,5,25,17,1
5,5,25,23,1
5,5,25,24,1
5,5,25,10,1
5,5,25,21,1
5,5,25,19,1
5,5,25,20,1
5,5,25,15,1
5,5,25,18,1
5,5,25,16,1
5,5,25,22,1
5,5,25,18,1
5,5,25,13,1
5,5,25,13,1
5,5,25,22,1
5,5,25,19,1
5,5,25,21,1
5,5,25,20,1
5,5,25,14,1
5,5,25,24,1
5,5,25,19,1
5,5,25,19,1
5,5,25,14,1
5,5,25,21,1
5,5,25,18,1
5,5,25,20,1
5,5,25,17,1
5,5,25,21,1
5,5,25,14,1
5,5,25,14,1
5,5,25,16,1
5,5,25,24,1
5,5,25,17,1
5,5,25,18,1
5,5,25,23,1
5,5,25,22,1
5,5,25,13,1
5,5,25,18,1
5,5,25,21,1
5,5,25,21,1
5,5,25,26,1
5,5,25,17,1
5,5,25,16,1
5,5,25,25,1
5,5,25,15,1
5,5,25,21,1
5,5,25,20,1
5,5,25,11,1
5,5,25,18,1
5,5,25,14,1
5,5,25,19,1
5,5,25,18,1
5,5,25,23,1
5,5,25,22,1
5,5,25,26,1
5,5,25,12,1
5,5,25,22,1
5,5,25,18,1
5,5,25,16,1
6,6,36,26,1
6,6,36,17,1
6,6,36,26,1
6,6,36,32,1
6,6,36,15,1
6,6,36,33,1
6,6,36,25,1
6,6,36,27,1
6,6,36,31,1
6,6,36,20,1
6,6,36,24,1
6,6,36,24,1
6,6,36,16,1
6,6,36,33,1
6,6,36,27,1
6,6,36,13,1
6,6,36,33,1
6,6,36,36,1
6,6,36,23,1
6,6,36,20,1
6,6,36,30,1
6,6,36,27,1
6,6,36,25,1
6,6,36,26,1
6,6,36,25,1
6,6,36,33,1
6,6,36,25,1
6,6,36,42,1
6,6,36,33,1
6,6,36,18,1
6,6,36,24,1
6,6,36,25,1
6,6,36,22,1
6,6,36,20,1
6,6,36,39,1
6,6,36,22,1
6,6,36,19,1
6,6,36,27,1
6,6,36,27,1
6,6,36,28,1
6,6,36,27,1
6,6,36,26,1
6,6,36,29,1
6,6,36,27,1
6,6,36,21,1
6,6,36,27,1
6,6,36,27,1
6,6,36,23,1
6,6,36,17,1
6,6,36,28,1
6,6,36,33,1
6,6,36,20,1
6,6,36,33,1
6,6,36,28,1
6,6,36,24,1
6,6,36,34,1
6,6,36,22,1
6,6,36,29,1
6,6,36,18,1
6,6,36,23,1
6,6,36,33,1
6,6,36,21,1
6,6,36,31,1
6,6,36,23,1
6,6,36,14,1
6,6,36,38,1
6,6,36,36,1
6,6,36,35,1
6,6,36,27,1
6,6,36,23,1
6,6,36,23,1
6,6,36,21,1
6,6,36,26,1
6,6,36,26,1
6,6,36,25,1
6,6,36,28,1
6,6,36,32,1
6,6,36,26,1
6,6,36,19,1
6,6,36,24,1
6,6,36,40,1
6,6,36,25,1
6,6,36,33,1
6,6,36,21,1
6,6,36,26,1
6,6,36,24,1
6,6,36,23,1
6,6,36,17,1
6,6,36,29,1
6,6,36,16,1
6,6,36,30,1
6,6,36,19,1
6,6,36,28,1
6,6,36,26,1
6,6,36,31,1
6,6,36,30,1
6,6,36,25,1
6,6,36,39,1
6,6,36,20,1
6,6,36,28,1
3,3,9,8,1
3,3,9,7,1
3,3,9,8,1
3,3,9,6,1
3,3,9,7,1
3,3,9,7,1
3,3,9,7,1
3,3,9,7,1
3,3,9,8,1
3,3,9,8,1
3,3,9,8,1
3,3,9,7,1
3,3,9,9,1
3,3,9,8,1
3,3,9,6,1
3,3,9,8,1
3,3,9,8,1
3,3,9,8,1
3,3,9,7,1
3,3,9,8,1
3,3,9,8,1
3,3,9,9,1
3,3,9,6,1
3,3,9,9,1
3,3,9,8,1
3,3,9,10,1
3,3,9,8,1
3,3,9,7,1
3,3,9,8,1
3,3,9,10,1
3,3,9,7,1
3,3,9,7,1
3,3,9,8,1
3,3,9,7,1
3,3,9,8,1
3,3,9,8,1
3,3,9,7,1
3,3,9,9,1
3,3,9,7,1
3,3,9,8,1
3,3,9,10,1
3,3,9,6,1
3,3,9,6,1
3,3,9,8,1
3,3,9,8,1
3,3,9,10,1
3,3,9,7,1
3,3,9,9,1
3,3,9,10,1
3,3,9,6,1
3,3,9,9,1
3,3,9,7,1
3,3,9,6,1
3,3,9,7,1
3,3,9,6,1
3,3,9,8,1
3,3,9,8,1
3,3,9,7,1
3,3,9,7,1
3,3,9,8,1
3,3,9,8,1
3,3,9,10,1
3,3,9,7,1
3,3,9,10,1
3,3,9,8,1
3,3,9,8,1
3,3,9,9,1
3,3,9,7,1
3,3,9,8,1
3,3,9,8,1
3,3,9,6,1
3,3,9,6,1
3,3,9,7,1
3,3,9,9,1
3,3,9,8,1
3,3,9,8,1
3,3,9,7,1
3,3,9,8,1
3,3,9,6,1
3,3,9,7,1
3,3,9,8,1
3,3,9,10,1
3,3,9,9,1
3,3,9,10,1
3,3,9,10,1
3,3,9,8,1
3,3,9,6,1
3,3,9,7,1
3,3,9,8,1
3,3,9,6,1
3,3,9,7,1
3,3,9,7,1
3,3,9,10,1
3,3,9,8,1
3,3,9,8,1
3,3,9,7,1
3,3,9,8,1
3,3,9,6,1
3,3,9,6,1
3,3,9,6,1
7,7,49,31,1
7,7,49,33,1
7,7,49,26,1
7,7,49,27,1
7,7,49,25,1
7,7,49,31,1
7,7,49,47,1
7,7,49,25,1
7,7,49,39,1
7,7,49,36,1
7,7,49,40,1
7,7,49,48,1
7,7,49,25,1
7,7,49,27,1
7,7,49,24,1
7,7,49,27,1
7,7,49,44,1
7,7,49,32,1
7,7,49,36,1
7,7,49,45,1
7,7,49,24,1
7,7,49,30,1
7,7,49,30,1
7,7,49,31,1
7,7,49,27,1
7,7,49,34,1
7,7,49,34,1
7,7,49,30,1
7,7,49,26,1
7,7,49,28,1
7,7,49,25,1
7,7,49,44,1
7,7,49,26,1
7,7,49,48,1
7,7,49,36,1
7,7,49,31,1
7,7,49,25,1
7,7,49,31,1
7,7,49,26,1
7,7,49,33,1
7,7,49,36,1
7,7,49,29,1
7,7,49,36,1
7,7,49,22,1
7,7,49,34,1
7,7,49,31,1
7,7,49,42,1
7,7,49,40,1
7,7,49,33,1
7,7,49,34,1
7,7,49,29,1
7,7,49,39,1
7,7,49,38,1
7,7,49,31,1
7,7,49,42,1
7,7,49,53,1
7,7,49,27,1
7,7,49,32,1
7,7,49,50,1
7,7,49,30,1
7,7,49,28,1
7,7,49,24,1
7,7,49,29,1
7,7,49,46,1
7,7,49,43,1
7,7,49,37,1
7,7,49,42,1
7,7,49,23,1
7,7,49,31,1
7,7,49,33,1
7,7,49,31,1
7,7,49,29,1
7,7,49,28,1
7,7,49,29,1
7,7,49,24,1
7,7,49,28,1
7,7,49,30,1
7,7,49,29,1
7,7,49,35,1
7,7,49,31,1
7,7,49,31,1
7,7,49,34,1
7,7,49,31,1
7,7,49,24,1
7,7,49,29,1
7,7,49,26,1
7,7,49,32,1
7,7,49,37,1
7,7,49,31,1
7,7,49,34,1
7,7,49,34,1
7,7,49,28,1
7,7,49,33,1
7,7,49,37,1
7,7,49,38,1
7,7,49,31,1
7,7,49,21,1
7,7,49,32,1
7,7,49,29,1
7,7,49,27,1
8,8,64,39,1
8,8,64,39,1
8,8,64,43,1
8,8,64,38,1
8,8,64,43,1
8,8,64,43,1
8,8,64,45,1
8,8,64,38,1
8,8,64,57,1
8,8,64,33,1
8,8,64,40,1
8,8,64,37,1
8,8,64,46,1
8,8,64,52,1
8,8,64,41,1
8,8,64,41,1
8,8,64,49,1
8,8,64,45,1
8,8,64,59,1
8,8,64,37,1
8,8,64,37,1
8,8,64,39,1
8,8,64,32,1
8,8,64,35,1
8,8,64,56,1
8,8,64,40,1
8,8,64,48,1
8,8,64,47,1
8,8,64,36,1
8,8,64,33,1
8,8,64,41,1
8,8,64,37,1
8,8,64,32,1
8,8,64,41,1
8,8,64,43,1
8,8,64,44,1
8,8,64,44,1
8,8,64,43,1
8,8,64,35,1
8,8,64,41,1
8,8,64,40,1
8,8,64,47,1
8,8,64,51,1
8,8,64,47,1
8,8,64,36,1
8,8,64,41,1
8,8,64,40,1
8,8,64,63,1
8,8,64,44,1
8,8,64,51,1
8,8,64,43,1
8,8,64,48,1
8,8,64,55,1
8,8,64,50,1
8,8,64,43,1
8,8,64,36,1
8,8,64,42,1
8,8,64,27,1
8,8,64,47,1
8,8,64,50,1
8,8,64,48,1
8,8,64,29,1
8,8,64,42,1
8,8,64,33,1
8,8,64,35,1
8,8,64,32,1
8,8,64,32,1
8,8,64,43,1
8,8,64,44,1
8,8,64,41,1
8,8,64,44,1
8,8,64,27,1
8,8,64,39,1
8,8,64,40,1
8,8,64,50,1
8,8,64,34,1
8,8,64,33,1
8,8,64,32,1
8,8,64,50,1
8,8,64,43,1
8,8,64,42,1
8,8,64,42,1
8,8,64,35,1
8,8,64,37,1
8,8,64,36,1
8,8,64,48,1
8,8,64,59,1
8,8,64,37,1
8,8,64,47,1
8,8,64,43,1
8,8,64,40,1
8,8,64,45,1
8,8,64,41,1
8,8,64,45,1
8,8,64,40,1
8,8,64,47,1
8,8,64,50,1
8,8,64,55,1
8,8,64,33,1
8,8,64,43,1
9,9,81,55,1
9,9,81,40,1
9,9,81,75,1
9,9,81,56,1
9,9,81,46,1
9,9,81,46,1
9,9,81,58,1
9,9,81,74,1
9,9,81,47,1
9,9,81,58,1
9,9,81,39,1
9,9,81,40,1
9,9,81,38,1
9,9,81,53,1
9,9,81,41,1
9,9,81,56,1
9,9,81,54,1
9,9,81,33,1
9,9,81,48,1
9,9,81,43,1
9,9,81,50,1
9,9,81,39,1
9,9,81,56,1
9,9,81,47,1
9,9,81,53,1
9,9,81,63,1
9,9,81,36,1
9,9,81,30,1
9,9,81,47,1
9,9,81,44,1
9,9,81,45,1
9,9,81,46,1
9,9,81,87,1
9,9,81,23,1
9,9,81,67,1
9,9,81,68,1
9,9,81,53,1
9,9,81,51,1
9,9,81,40,1
9,9,81,67,1
9,9,81,73,1
9,9,81,44,1
9,9,81,47,1
9,9,81,41,1
9,9,81,63,1
9,9,81,61,1
9,9,81,56,1
9,9,81,71,1
9,9,81,75,1
9,9,81,38,1
9,9,81,55,1
9,9,81,31,1
9,9,81,36,1
9,9,81,46,1
9,9,81,45,1
9,9,81,55,1
9,9,81,60,1
9,9,81,60,1
9,9,81,59,1
9,9,81,52,1
9,9,81,50,1
9,9,81,54,1
9,9,81,62,1
9,9,81,38,1
9,9,81,43,1
9,9,81,39,1
9,9,81,46,1
9,9,81,61,1
9,9,81,39,1
9,9,81,74,1
9,9,81,43,1
9,9,81,46,1
9,9,81,49,1
9,9,81,37,1
9,9,81,59,1
9,9,81,59,1
9,9,81,31,1
9,9,81,34,1
9,9,81,42,1
9,9,81,51,1
9,9,81,34,1
9,9,81,56,1
9,9,81,59,1
9,9,81,52,1
9,9,81,32,1
9,9,81,78,1
9,9,81,45,1
9,9,81,47,1
9,9,81,42,1
9,9,81,69,1
9,9,81,54,1
9,9,81,44,1
9,9,81,50,1
9,9,81,62,1
9,9,81,66,1
9,9,81,37,1
9,9,81,54,1
9,9,81,61,1
9,9,81,54,1
9,9,81,64,1
10,10,100,56,1
10,10,100,72,1
10,10,100,47,1
10,10,100,62,1
10,10,100,106,1
10,10,100,77,1
10,10,100,78,1
10,10,100,78,1
10,10,100,56,1
10,10,100,56,1
10,10,100,63,1
10,10,100,69,1
10,10,100,56,1
10,10,100,50,1
10,10,100,63,1
10,10,100,61,1
10,10,100,67,1
10,10,100,39,1
10,10,100,45,1
10,10,100,67,1
10,10,100,55,1
10,10,100,57,1
10,10,100,58,1
10,10,100,64,1
10,10,100,63,1
10,10,100,71,1
10,10,100,83,1
10,10,100,60,1
10,10,100,80,1
10,10,100,73,1
10,10,100,56,1
10,10,100,65,1
10,10,100,51,1
10,10,100,50,1
10,10,100,86,1
10,10,100,81,1
10,10,100,53,1
10,10,100,52,1
10,10,100,75,1
10,10,100,57,1
10,10,100,69,1
10,10,100,69,1
10,10,100,40,1
10,10,100,47,1
10,10,100,55,1
10,10,100,71,1
10,10,100,66,1
10,10,100,99,1
10,10,100,80,1
10,10,100,56,1
10,10,100,57,1
10,10,100,74,1
10,10,100,69,1
10,10,100,71,1
10,10,100,90,1
10,10,100,70,1
10,10,100,52,1
10,10,100,78,1
10,10,100,55,1
10,10,100,52,1
10,10,100,52,1
10,10,100,79,1
10,10,100,61,1
10,10,100,65,1
10,10,100,52,1
10,10,100,59,1
10,10,100,40,1
10,10,100,45,1
10,10,100,57,1
10,10,100,76,1
10,10,100,60,1
10,10,100,66,1
10,10,100,60,1
10,10,100,63,1
10,10,100,60,1
10,10,100,78,1
10,10,100,97,1
10,10,100,67,1
10,10,100,62,1
10,10,100,47,1
10,10,100,97,1
10,10,100,80,1
10,10,100,90,1
10,10,100,49,1
10,10,100,74,1
10,10,100,65,1
10,10,100,48,1
10,10,100,75,1
10,10,100,52,1
10,10,100,65,1
10,10,100,63,1
10,10,100,61,1
10,10,100,47,1
10,10,100,65,1
10,10,100,66,1
10,10,100,72,1
10,10,100,73,1
10,10,100,54,1
10,10,100,50,1
10,10,100,46,1
11,11,121,79,1
11,11,121,97,1
11,11,121,112,1
11,11,121,72,1
11,11,121,54,1
11,11,121,86,1
11,11,121,57,1
11,11,121,79,1
11,11,121,71,1
11,11,121,88,1
11,11,121,54,1
11,11,121,76,1
11,11,121,55,1
11,11,121,74,1
11,11,121,69,1
11,11,121,73,1
11,11,121,78,1
11,11,121,67,1
11,11,121,83,1
11,11,121,71,1
11,11,121,87,1
11,11,121,65,1
11,11,121,84,1
11,11,121,52,1
11,11,121,73,1
11,11,121,131,1
11,11,121,59,1
11,11,121,70,1
11,11,121,77,1
11,11,121,74,1
11,11,121,75,1
11,11,121,70,1
11,11,121,58,1
11,11,121,69,1
11,11,121,65,1
11,11,121,73,1
11,11,121,64,1
11,11,121,68,1
11,11,121,64,1
11,11,121,75,1
11,11,121,76,1
11,11,121,87,1
11,11,121,78,1
11,11,121,109,1
11,11,121,45,1
11,11,121,76,1
11,11,121,95,1
11,11,121,68,1
11,11,121,70,1
11,11,121,93,1
11,11,121,88,1
11,11,121,75,1
11,11,121,78,1
11,11,121,63,1
11,11,121,62,1
11,11,121,42,1
11,11,121,61,1
11,11,121,70,1
11,11,121,97,1
11,11,121,69,1
11,11,121,68,1
11,11,121,75,1
11,11,121,74,1
11,11,121,101,1
11,11,121,73,1
11,11,121,42,1
11,11,121,134,1
11,11,121,128,1
11,11,121,91,1
11,11,121,45,1
11,11,121,73,1
11,11,121,89,1
11,11,121,98,1
11,11,121,72,1
11,11,121,70,1
11,11,121,100,1
11,11,121,52,1
11,11,121,55,1
11,11,121,52,1
11,11,121,77,1
11,11,121,45,1
11,11,121,51,1
11,11,121,59,1
11,11,121,105,1
11,11,121,77,1
11,11,121,95,1
11,11,121,78,1
11,11,121,90,1
11,11,121,79,1
11,11,121,65,1
11,11,121,104,1
11,11,121,72,1
11,11,121,72,1
11,11,121,110,1
11,11,121,81,1
11,11,121,48,1
11,11,121,82,1
11,11,121,63,1
11,11,121,67,1
11,11,121,70,1
12,12,144,113,1
12,12,144,63,1
12,12,144,119,1
12,12,144,72,1
12,12,144,115,1
12,12,144,106,1
12,12,144,117,1
12,12,144,75,1
12,12,144,73,1
12,12,144,89,1
12,12,144,112,1
12,12,144,62,1
12,12,144,79,1
12,12,144,83,1
12,12,144,104,1
12,12,144,89,1
12,12,144,106,1
12,12,144,106,1
12,12,144,54,1
12,12,144,84,1
12,12,144,103,1
12,12,144,84,1
12,12,144,94,1
12,12,144,78,1
12,12,144,87,1
12,12,144,106,1
12,12,144,75,1
12,12,144,90,1
12,12,144,81,1
12,12,144,97,1
12,12,144,74,1
12,12,144,102,1
12,12,144,100,1
12,12,144,97,1
12,12,144,105,1
12,12,144,69,1
12,12,144,71,1
12,12,144,76,1
12,12,144,109,1
12,12,144,113,1
12,12,144,96,1
12,12,144,113,1
12,12,144,82,1
12,12,144,86,1
12,12,144,115,1
12,12,144,93,1
12,12,144,116,1
12,12,144,93,1
12,12,144,100,1
12,12,144,71,1
12,12,144,131,1
12,12,144,68,1
12,12,144,78,1
12,12,144,91,1
12,12,144,83,1
12,12,144,103,1
12,12,144,102,1
12,12,144,82,1
12,12,144,76,1
12,12,144,81,1
12,12,144,76,1
12,12,144,122,1
12,12,144,77,1
12,12,144,82,1
12,12,144,86,1
12,12,144,99,1
12,12,144,85,1
12,12,144,53,1
12,12,144,83,1
12,12,144,103,1
12,12,144,110,1
12,12,144,100,1
12,12,144,76,1
12,12,144,109,1
12,12,144,85,1
12,12,144,69,1
12,12,144,76,1
12,12,144,82,1
12,12,144,120,1
12,12,144,91,1
12,12,144,126,1
12,12,144,65,1
12,12,144,85,1
12,12,144,140,1
12,12,144,113,1
12,12,144,89,1
12,12,144,95,1
12,12,144,115,1
12,12,144,113,1
12,12,144,139,1
12,12,144,130,1
12,12,144,118,1
12,12,144,94,1
12,12,144,59,1
12,12,144,93,1
12,12,144,100,1
12,12,144,81,1
12,12,144,124,1
12,12,144,87,1
12,12,144,117,1
13,13,169,103,1
13,13,169,84,1
13,13,169,60,1
13,13,169,95,1
13,13,169,91,1
13,13,169,98,1
13,13,169,101,1
13,13,169,120,1
13,13,169,95,1
13,13,169,126,1
13,13,169,103,1
13,13,169,91,1
13,13,169,86,1
13,13,169,91,1
13,13,169,129,1
13,13,169,78,1
13,13,169,75,1
13,13,169,76,1
13,13,169,135,1
13,13,169,122,1
13,13,169,88,1
13,13,169,127,1
13,13,169,85,1
13,13,169,157,1
13,13,169,87,1
13,13,169,169,1
13,13,169,58,1
13,13,169,112,1
13,13,169,98,1
13,13,169,107,1
13,13,169,93,1
13,13,169,105,1
13,13,169,118,1
13,13,169,149,1
13,13,169,125,1
13,13,169,122,1
13,13,169,83,1
13,13,169,67,1
13,13,169,79,1
13,13,169,113,1
13,13,169,76,1
13,13,169,110,1
13,13,169,117,1
13,13,169,61,1
13,13,169,116,1
13,13,169,110,1
13,13,169,82,1
13,13,169,55,1
13,13,169,91,1
13,13,169,108,1
13,13,169,105,1
13,13,169,105,1
13,13,169,137,1
13,13,169,76,1
13,13,169,100,1
13,13,169,68,1
13,13,169,92,1
13,13,169,116,1
13,13,169,68,1
13,13,169,107,1
13,13,169,95,1
13,13,169,101,1
13,13,169,106,1
13,13,169,94,1
13,13,169,72,1
13,13,169,119,1
13,13,169,94,1
13,13,169,88,1
13,13,169,123,1
13,13,169,107,1
13,13,169,106,1
13,13,169,89,1
13,13,169,93,1
13,13,169,101,1
13,13,169,94,1
13,13,169,107,1
13,13,169,100,1
13,13,169,94,1
13,13,169,94,1
13,13,169,111,1
13,13,169,127,1
13,13,169,109,1
13,13,169,110,1
13,13,169,140,1
13,13,169,89,1
13,13,169,107,1
13,13,169,102,1
13,13,169,86,1
13,13,169,118,1
13,13,169,88,1
13,13,169,112,1
13,13,169,135,1
13,13,169,165,1
13,13,169,80,1
13,13,169,84,1
13,13,169,118,1
13,13,169,108,1
13,13,169,118,1
13,13,169,102,1
13,13,169,123,1
14,14,196,112,1
14,14,196,96,1
14,14,196,127,1
14,14,196,131,1
14,14,196,136,1
14,14,196,116,1
14,14,196,140,1
14,14,196,112,1
14,14,196,146,1
14,14,196,124,1
14,14,196,87,1
14,14,196,146,1
14,14,196,78,1
14,14,196,93,1
14,14,196,140,1
14,14,196,128,1
14,14,196,157,1
14,14,196,184,1
14,14,196,93,1
14,14,196,139,1
14,14,196,151,1
14,14,196,134,1
14,14,196,110,1
14,14,196,135,1
14,14,196,141,1
14,14,196,117,1
14,14,196,101,1
14,14,196,87,1
14,14,196,193,1
14,14,196,120,1
14,14,196,109,1
14,14,196,156,1
14,14,196,121,1
14,14,196,132,1
14,14,196,90,1
14,14,196,182,1
14,14,196,101,1
14,14,196,119,1
14,14,196,91,1
14,14,196,129,1
14,14,196,136,1
14,14,196,136,1
14,14,196,145,1
14,14,196,102,1
14,14,196,107,1
14,14,196,103,1
14,14,196,120,1
14,14,196,111,1
14,14,196,123,1
14,14,196,104,1
14,14,196,139,1
14,14,196,99,1
14,14,196,91,1
14,14,196,106,1
14,14,196,123,1
14,14,196,100,1
14,14,196,108,1
14,14,196,113,1
14,14,196,81,1
14,14,196,103,1
14,14,196,127,1
14,14,196,112,1
14,14,196,135,1
14,14,196,170,1
14,14,196,109,1
14,14,196,145,1
14,14,196,173,1
14,14,196,87,1
14,14,196,128,1
14,14,196,130,1
14,14,196,103,1
14,14,196,136,1
14,14,196,85,1
14,14,196,110,1
14,14,196,130,1
14,14,196,117,1
14,14,196,104,1
14,14,196,83,1
14,14,196,105,1
14,14,196,169,1
14,14,196,94,1
14,14,196,116,1
14,14,196,87,1
14,14,196,87,1
14,14,196,98,1
14,14,196,101,1
14,14,196,171,1
14,14,196,169,1
14,14,196,101,1
14,14,196,175,1
14,14,196,96,1
14,14,196,89,1
14,14,196,123,1
14,14,196,91,1
14,14,196,94,1
14,14,196,114,1
14,14,196,151,1
14,14,196,162,1
14,14,196,97,1
14,14,196,80,1
15,15,225,140,1
15,15,225,121,1
15,15,225,134,1
15,15,225,120,1
15,15,225,83,1
15,15,225,121,1
15,15,225,157,1
15,15,225,161,1
15,15,225,128,1
15,15,225,172,1
15,15,225,174,1
15,15,225,115,1
15,15,225,108,1
15,15,225,129,1
15,15,225,132,1
15,15,225,187,1
15,15,225,157,1
15,15,225,185,1
15,15,225,120,1
15,15,225,183,1
15,15,225,140,1
15,15,225,125,1
15,15,225,96,1
15,15,225,148,1
15,15,225,100,1
15,15,225,196,1
15,15,225,131,1
15,15,225,142,1
15,15,225,115,1
15,15,225,120,1
15,15,225,167,1
15,15,225,183,1
15,15,225,139,1
15,15,225,116,1
15,15,225,93,1
15,15,225,126,1
15,15,225,108,1
15,15,225,144,1
15,15,225,219,1
15,15,225,145,1
15,15,225,139,1
15,15,225,182,1
15,15,225,130,1
15,15,225,144,1
15,15,225,207,1
15,15,225,126,1
15,15,225,147,1
15,15,225,131,1
15,15,225,96,1
15,15,225,86,1
15,15,225,110,1
15,15,225,145,1
15,15,225,120,1
15,15,225,87,1
15,15,225,158,1
15,15,225,173,1
15,15,225,166,1
15,15,225,162,1
15,15,225,109,1
15,15,225,120,1
15,15,225,95,1
15,15,225,128,1
15,15,225,86,1
15,15,225,113,1
15,15,225,131,1
15,15,225,131,1
15,15,225,78,1
15,15,225,154,1
15,15,225,103,1
15,15,225,170,1
15,15,225,148,1
15,15,225,87,1
15,15,225,136,1
15,15,225,112,1
15,15,225,185,1
15,15,225,129,1
15,15,225,166,1
15,15,225,165,1
15,15,225,112,1
15,15,225,163,1
15,15,225,133,1
15,15,225,76,1
15,15,225,135,1
15,15,225,183,1
15,15,225,144,1
15,15,225,150,1
15,15,225,125,1
15,15,225,157,1
15,15,225,167,1
15,15,225,159,1
15,15,225,139,1
15,15,225,135,1
15,15,225,143,1
15,15,225,163,1
15,15,225,104,1
15,15,225,87,1
15,15,225,119,1
15,15,225,170,1
15,15,225,122,1
15,15,225,115,1
16,16,256,138,1
16,16,256,139,1
16,16,256,158,1
16,16,256,145,1
16,16,256,218,1
16,16,256,124,1
16,16,256,182,1
16,16,256,85,1
16,16,256,114,1
16,16,256,115,1
16,16,256,149,1
16,16,256,124,1
16,16,256,196,1
16,16,256,183,1
16,16,256,90,1
16,16,256,167,1
16,16,256,163,1
16,16,256,132,1
16,16,256,146,1
16,16,256,197,1
16,16,256,145,1
16,16,256,129,1
16,16,256,154,1
16,16,256,163,1
16,16,256,133,1
16,16,256,127,1
16,16,256,141,1
16,16,256,170,1
16,16,256,122,1
16,16,256,138,1
16,16,256,143,1
16,16,256,109,1
16,16,256,224,1
16,16,256,143,1
16,16,256,129,1
16,16,256,121,1
16,16,256,188,1
16,16,256,179,1
16,16,256,153,1
16,16,256,188,1
16,16,256,143,1
16,16,256,162,1
16,16,256,110,1
16,16,256,129,1
16,16,256,157,1
16,16,256,197,1
16,16,256,159,1
16,16,256,149,1
16,16,256,146,1
16,16,256,163,1
16,16,256,147,1
16,16,256,124,1
16,16,256,184,1
16,16,256,110,1
16,16,256,153,1
16,16,256,264,1
16,16,256,153,1
16,16,256,138,1
16,16,256,171,1
16,16,256,201,1
16,16,256,111,1
16,16,256,152,1
16,16,256,147,1
16,16,256,114,1
16,16,256,124,1
16,16,256,144,1
16,16,256,168,1
16,16,256,247,1
16,16,256,146,1
16,16,256,150,1
16,16,256,152,1
16,16,256,147,1
16,16,256,182,1
16,16,256,102,1
16,16,256,142,1
16,16,256,138,1
16,16,256,156,1
16,16,256,170,1
16,16,256,154,1
16,16,256,181,1
16,16,256,171,1
16,16,256,109,1
16,16,256,181,1
16,16,256,140,1
16,16,256,111,1
16,16,256,135,1
16,16,256,163,1
16,16,256,180,1
16,16,256,160,1
16,16,256,127,1
16,16,256,150,1
16,16,256,141,1
16,16,256,179,1
16,16,256,148,1
16,16,256,150,1
16,16,256,194,1
16,16,256,179,1
16,16,256,178,1
16,16,256,138,1
16,16,256,148,1
17,17,289,151,1
17,17,289,233,1
17,17,289,226,1
17,17,289,250,1
17,17,289,229,1
17,17,289,247,1
17,17,289,213,1
17,17,289,172,1
17,17,289,170,1
17,17,289,169,1
17,17,289,152,1
17,17,289,201,1
17,17,289,138,1
17,17,289,125,1
17,17,289,147,1
17,17,289,244,1
17,17,289,227,1
17,17,289,214,1
17,17,289,226,1
17,17,289,223,1
17,17,289,113,1
17,17,289,175,1
17,17,289,177,1
17,17,289,204,1
17,17,289,248,1
17,17,289,159,1
17,17,289,119,1
17,17,289,139,1
17,17,289,201,1
17,17,289,121,1
17,17,289,166,1
17,17,289,197,1
17,17,289,147,1
17,17,289,172,1
17,17,289,173,1
17,17,289,173,1
17,17,289,196,1
17,17,289,187,1
17,17,289,192,1
17,17,289,185,1
17,17,289,127,1
17,17,289,145,1
17,17,289,259,1
17,17,289,127,1
17,17,289,188,1
17,17,289,170,1
17,17,289,172,1
17,17,289,267,1
17,17,289,194,1
17,17,289,214,1
17,17,289,154,1
17,17,289,210,1
17,17,289,216,1
17,17,289,211,1
17,17,289,186,1
17,17,289,167,1
17,17,289,203,1
17,17,289,253,1
17,17,289,284,1
17,17,289,169,1
17,17,289,193,1
17,17,289,105,1
17,17,289,167,1
17,17,289,238,1
17,17,289,160,1
17,17,289,255,1
17,17,289,186,1
17,17,289,238,1
17,17,289,180,1
17,17,289,160,1
17,17,289,179,1
17,17,289,162,1
17,17,289,147,1
17,17,289,182,1
17,17,289,179,1
17,17,289,146,1
17,17,289,207,1
17,17,289,127,1
17,17,289,161,1
17,17,289,184,1
17,17,289,195,1
17,17,289,192,1
17,17,289,228,1
17,17,289,197,1
17,17,289,180,1
17,17,289,133,1
17,17,289,136,1
17,17,289,181,1
17,17,289,163,1
17,17,289,174,1
17,17,289,125,1
17,17,289,227,1
17,17,289,138,1
17,17,289,132,1
17,17,289,176,1
17,17,289,190,1
17,17,289,170,1
17,17,289,188,1
17,17,289,117,1
17,17,289,171,1
18,18,324,202,1
18,18,324,217,1
18,18,324,217,1
18,18,324,198,1
18,18,324,163,1
18,18,324,166,1
18,18,324,174,1
18,18,324,135,1
18,18,324,201,1
18,18,324,222,1
18,18,324,277,1
18,18,324,213,1
18,18,324,167,1
18,18,324,250,1
18,18,324,248,1
18,18,324,350,1
18,18,324,208,1
18,18,324,167,1
18,18,324,191,1
18,18,324,236,1
18,18,324,151,1
18,18,324,204,1
18,18,324,165,1
18,18,324,207,1
18,18,324,218,1
18,18,324,185,1
18,18,324,180,1
18,18,324,242,1
18,18,324,196,1
18,18,324,196,1
18,18,324,228,1
18,18,324,298,1
18,18,324,160,1
18,18,324,191,1
18,18,324,193,1
18,18,324,223,1
18,18,324,188,1
18,18,324,243,1
18,18,324,271,1
18,18,324,258,1
18,18,324,171,1
18,18,324,211,1
18,18,324,174,1
18,18,324,284,1
18,18,324,195,1
18,18,324,173,1
18,18,324,223,1
18,18,324,200,1
18,18,324,187,1
18,18,324,324,1
18,18,324,208,1
18,18,324,205,1
18,18,324,243,1
18,18,324,199,1
18,18,324,156,1
18,18,324,250,1
18,18,324,207,1
18,18,324,301,1
18,18,324,162,1
18,18,324,173,1
18,18,324,224,1
18,18,324,187,1
18,18,324,168,1
18,18,324,214,1
18,18,324,236,1
18,18,324,198,1
18,18,324,177,1
18,18,324,171,1
18,18,324,225,1
18,18,324,180,1
18,18,324,210,1
18,18,324,225,1
18,18,324,201,1
18,18,324,177,1
18,18,324,166,1
18,18,324,213,1
18,18,324,190,1
18,18,324,205,1
18,18,324,225,1
18,18,324,246,1
18,18,324,108,1
18,18,324,229,1
18,18,324,137,1
18,18,324,218,1
18,18,324,227,1
18,18,324,211,1
18,18,324,187,1
18,18,324,127,1
18,18,324,194,1
18,18,324,192,1
18,18,324,153,1
18,18,324,176,1
18,18,324,210,1
18,18,324,117,1
18,18,324,260,1
18,18,324,227,1
18,18,324,261,1
18,18,324,153,1
18,18,324,181,1
18,18,324,152,1
19,19,361,273,1
19,19,361,239,1
19,19,361,248,1
19,19,361,238,1
19,19,361,201,1
19,19,361,274,1
19,19,361,202,1
19,19,361,163,1
19,19,361,306,1
19,19,361,212,1
19,19,361,248,1
19,19,361,159,1
19,19,361,238,1
19,19,361,148,1
19,19,361,296,1
19,19,361,212,1
19,19,361,238,1
19,19,361,171,1
19,19,361,252,1
19,19,361,271,1
19,19,361,212,1
19,19,361,209,1
19,19,361,244,1
19,19,361,184,1
19,19,361,185,1
19,19,361,204,1
19,19,361,224,1
19,19,361,255,1
19,19,361,235,1
19,19,361,235,1
19,19,361,274,1
19,19,361,249,1
19,19,361,206,1
19,19,361,254,1
19,19,361,266,1
19,19,361,224,1
19,19,361,220,1
19,19,361,245,1
19,19,361,212,1
19,19,361,220,1
19,19,361,230,1
19,19,361,180,1
19,19,361,262,1
19,19,361,216,1
19,19,361,231,1
19,19,361,263,1
19,19,361,252,1
19,19,361,280,1
19,19,361,331,1
19,19,361,221,1
19,19,361,274,1
19,19,361,203,1
19,19,361,198,1
19,19,361,341,1
19,19,361,222,1
19,19,361,255,1
19,19,361,213,1
19,19,361,168,1
19,19,361,228,1
19,19,361,194,1
19,19,361,185,1
19,19,361,223,1
19,19,361,229,1
19,19,361,242,1
19,19,361,208,1
19,19,361,356,1
19,19,361,197,1
19,19,361,253,1
19,19,361,280,1
19,19,361,198,1
19,19,361,235,1
19,19,361,199,1
19,19,361,283,1
19,19,361,221,1
19,19,361,212,1
19,19,361,263,1
19,19,361,251,1
19,19,361,313,1
19,19,361,220,1
19,19,361,213,1
19,19,361,192,1
19,19,361,256,1
19,19,361,308,1
19,19,361,256,1
19,19,361,202,1
19,19,361,293,1
19,19,361,234,1
19,19,361,227,1
19,19,361,151,1
19,19,361,232,1
19,19,361,202,1
19,19,361,219,1
19,19,361,272,1
19,19,361,174,1
19,19,361,204,1
19,19,361,283,1
19,19,361,206,1
19,19,361,134,1
19,19,361,242,1
19,19,361,182,1
20,20,400,291,1
20,20,400,233,1
20,20,400,235,1
20,20,400,216,1
20,20,400,334,1
20,20,400,155,1
20,20,400,275,1
20,20,400,271,1
20,20,400,321,1
20,20,400,182,1
20,20,400,284,1
20,20,400,320,1
20,20,400,301,1
20,20,400,234,1
20,20,400,312,1
20,20,400,256,1
20,20,400,395,1
20,20,400,198,1
20,20,400,196,1
20,20,400,411,1
20,20,400,238,1
20,20,400,181,1
20,20,400,275,1
20,20,400,204,1
20,20,400,171,1
20,20,400,319,1
20,20,400,282,1
20,20,400,260,1
20,20,400,297,1
20,20,400,268,1
20,20,400,358,1
20,20,400,316,1
20,20,400,250,1
20,20,400,209,1
20,20,400,297,1
20,20,400,353,1
20,20,400,235,1
20,20,400,258,1
20,20,400,327,1
20,20,400,300,1
20,20,400,197,1
20,20,400,255,1
20,20,400,296,1
20,20,400,262,1
20,20,400,214,1
20,20,400,206,1
20,20,400,259,1
20,20,400,202,1
20,20,400,255,1
20,20,400,218,1
20,20,400,217,1
20,20,400,221,1
20,20,400,266,1
20,20,400,283,1
20,20,400,268,1
20,20,400,276,1
20,20,400,221,1
20,20,400,200,1
20,20,400,264,1
20,20,400,242,1
20,20,400,346,1
20,20,400,264,1
20,20,400,247,1
20,20,400,145,1
20,20,400,262,1
20,20,400,280,1
20,20,400,255,1
20,20,400,256,1
20,20,400,143,1
20,20,400,198,1
20,20,400,308,1
20,20,400,278,1
20,20,400,225,1
20,20,400,258,1
20,20,400,307,1
20,20,400,315,1
20,20,400,236,1
20,20,400,274,1
20,20,400,232,1
20,20,400,320,1
20,20,400,273,1
20,20,400,230,1
20,20,400,297,1
20,20,400,331,1
20,20,400,218,1
20,20,400,253,1
20,20,400,214,1
20,20,400,333,1
20,20,400,217,1
20,20,400,260,1
20,20,400,251,1
20,20,400,232,1
20,20,400,271,1
20,20,400,339,1
20,20,400,293,1
20,20,400,277,1
20,20,400,275,1
20,20,400,215,1
20,20,400,292,1
20,20,400,294,1
21,21,441,321,1
21,21,441,321,1
21,21,441,256,1
21,21,441,364,1
21,21,441,305,1
21,21,441,306,1
21,21,441,293,1
21,21,441,409,1
21,21,441,348,1
21,21,441,261,1
21,21,441,207,1
21,21,441,361,1
21,21,441,325,1
21,21,441,361,1
21,21,441,297,1
21,21,441,300,1
21,21,441,207,1
21,21,441,323,1
21,21,441,272,1
21,21,441,401,1
21,21,441,392,1
21,21,441,270,1
21,21,441,272,1
21,21,441,269,1
21,21,441,275,1
21,21,441,264,1
21,21,441,285,1
21,21,441,293,1
21,21,441,240,1
21,21,441,191,1
21,21,441,275,1
21,21,441,250,1
21,21,441,208,1
21,21,441,244,1
21,21,441,215,1
21,21,441,287,1
21,21,441,374,1
21,21,441,200,1
21,21,441,263,1
21,21,441,206,1
21,21,441,222,1
21,21,441,282,1
21,21,441,306,1
21,21,441,342,1
21,21,441,269,1
21,21,441,243,1
21,21,441,277,1
21,21,441,278,1
21,21,441,233,1
21,21,441,222,1
21,21,441,334,1
21,21,441,202,1
21,21,441,244,1
21,21,441,219,1
21,21,441,196,1
21,21,441,299,1
21,21,441,341,1
21,21,441,259,1
21,21,441,331,1
21,21,441,274,1
21,21,441,217,1
21,21,441,263,1
21,21,441,312,1
21,21,441,262,1
21,21,441,330,1
21,21,441,270,1
21,21,441,215,1
21,21,441,391,1
21,21,441,259,1
21,21,441,168,1
21,21,441,230,1
21,21,441,200,1
21,21,441,340,1
21,21,441,165,1
21,21,441,274,1
21,21,441,254,1
21,21,441,372,1
21,21,441,328,1
21,21,441,356,1
21,21,441,344,1
21,21,441,298,1
21,21,441,310,1
21,21,441,259,1
21,21,441,238,1
21,21,441,293,1
21,21,441,238,1
21,21,441,277,1
21,21,441,318,1
21,21,441,365,1
21,21,441,282,1
21,21,441,191,1
21,21,441,288,1
21,21,441,283,1
21,21,441,312,1
21,21,441,292,1
21,21,441,310,1
21,21,441,379,1
21,21,441,244,1
21,21,441,208,1
21,21,441,262,1
22,22,484,334,1
22,22,484,230,1
22,22,484,358,1
22,22,484,365,1
22,22,484,277,1
22,22,484,369,1
22,22,484,387,1
22,22,484,308,1
22,22,484,220,1
22,22,484,374,1
22,22,484,362,1
22,22,484,293,1
22,22,484,414,1
22,22,484,330,1
22,22,484,315,1
22,22,484,209,1
22,22,484,250,1
22,22,484,223,1
22,22,484,341,1
22,22,484,338,1
22,22,484,284,1
22,22,484,296,1
22,22,484,420,1
22,22,484,268,1
22,22,484,224,1
22,22,484,328,1
22,22,484,414,1
22,22,484,289,1
22,22,484,324,1
22,22,484,226,1
22,22,484,439,1
22,22,484,350,1
22,22,484,308,1
22,22,484,345,1
22,22,484,307,1
22,22,484,265,1
22,22,484,426,1
22,22,484,326,1
22,22,484,267,1
22,22,484,307,1
22,22,484,335,1
22,22,484,255,1
22,22,484,336,1
22,22,484,419,1
22,22,484,326,1
22,22,484,314,1
22,22,484,318,1
22,22,484,297,1
22,22,484,301,1
22,22,484,281,1
22,22,484,279,1
22,22,484,428,1
22,22,484,397,1
22,22,484,241,1
22,22,484,310,1
22,22,484,380,1
22,22,484,342,1
22,22,484,344,1
22,22,484,310,1
22,22,484,294,1
22,22,484,307,1
22,22,484,396,1
22,22,484,281,1
22,22,484,313,1
22,22,484,218,1
22,22,484,312,1
22,22,484,328,1
22,22,484,203,1
22,22,484,377,1
22,22,484,320,1
22,22,484,330,1
22,22,484,398,1
22,22,484,593,1
22,22,484,445,1
22,22,484,313,1
22,22,484,257,1
22,22,484,299,1
22,22,484,354,1
22,22,484,219,1
22,22,484,177,1
22,22,484,281,1
22,22,484,209,1
22,22,484,256,1
22,22,484,348,1
22,22,484,257,1
22,22,484,310,1
22,22,484,304,1
22,22,484,230,1
22,22,484,407,1
22,22,484,377,1
22,22,484,359,1
22,22,484,202,1
22,22,484,437,1
22,22,484,319,1
22,22,484,378,1
22,22,484,371,1
22,22,484,402,1
22,22,484,243,1
22,22,484,346,1
22,22,484,369,1
23,23,529,402,1
23,23,529,253,1
23,23,529,213,1
23,23,529,521,1
23,23,529,302,1
23,23,529,244,1
23,23,529,266,1
23,23,529,351,1
23,23,529,383,1
23,23,529,339,1
23,23,529,365,1
23,23,529,404,1
23,23,529,403,1
23,23,529,362,1
23,23,529,248,1
23,23,529,450,1
23,23,529,335,1
23,23,529,348,1
23,23,529,279,1
23,23,529,300,1
23,23,529,344,1
23,23,529,262,1
23,23,529,354,1
23,23,529,296,1
23,23,529,426,1
23,23,529,316,1
23,23,529,233,1
23,23,529,557,1
23,23,529,390,1
23,23,529,337,1
23,23,529,262,1
23,23,529,342,1
23,23,529,307,1
23,23,529,401,1
23,23,529,428,1
23,23,529,331,1
23,23,529,350,1
23,23,529,375,1
23,23,529,313,1
23,23,529,454,1
23,23,529,376,1
23,23,529,295,1
23,23,529,389,1
23,23,529,400,1
23,23,529,349,1
23,23,529,315,1
23,23,529,390,1
23,23,529,217,1
23,23,529,272,1
23,23,529,407,1
23,23,529,360,1
23,23,529,391,1
23,23,529,222,1
23,23,529,460,1
23,23,529,270,1
23,23,529,349,1
23,23,529,324,1
23,23,529,467,1
23,23,529,481,1
23,23,529,366,1
23,23,529,462,1
23,23,529,427,1
23,23,529,331,1
23,23,529,351,1
23,23,529,358,1
23,23,529,274,1
23,23,529,401,1
23,23,529,341,1
23,23,529,345,1
23,23,529,317,1
23,23,529,400,1
23,23,529,301,1
23,23,529,293,1
23,23,529,361,1
23,23,529,288,1
23,23,529,373,1
23,23,529,362,1
23,23,529,354,1
23,23,529,393,1
23,23,529,327,1
23,23,529,404,1
23,23,529,317,1
23,23,529,332,1
23,23,529,415,1
23,23,529,342,1
23,23,529,358,1
23,23,529,293,1
23,23,529,354,1
23,23,529,342,1
23,23,529,379,1
23,23,529,351,1
23,23,529,266,1
23,23,529,361,1
23,23,529,313,1
23,23,529,249,1
23,23,529,301,1
23,23,529,356,1
23,23,529,260,1
23,23,529,343,1
23,23,529,395,1
24,24,576,305,1
24,24,576,496,1
24,24,576,364,1
24,24,576,293,1
24,24,576,281,1
24,24,576,418,1
24,24,576,417,1
24,24,576,440,1
24,24,576,340,1
24,24,576,401,1
24,24,576,294,1
24,24,576,434,1
24,24,576,345,1
24,24,576,304,1
24,24,576,381,1
24,24,576,259,1
24,24,576,437,1
24,24,576,339,1
24,24,576,425,1
24,24,576,399,1
24,24,576,421,1
24,24,576,454,1
24,24,576,411,1
24,24,576,428,1
24,24,576,378,1
24,24,576,371,1
24,24,576,352,1
24,24,576,445,1
24,24,576,324,1
24,24,576,357,1
24,24,576,438,1
24,24,576,252,1
24,24,576,331,1
24,24,576,405,1
24,24,576,375,1
24,24,576,432,1
24,24,576,290,1
24,24,576,389,1
24,24,576,349,1
24,24,576,416,1
24,24,576,482,1
24,24,576,430,1
24,24,576,359,1
24,24,576,447,1
24,24,576,292,1
24,24,576,563,1
24,24,576,398,1
24,24,576,413,1
24,24,576,572,1
24,24,576,454,1
24,24,576,392,1
24,24,576,422,1
24,24,576,402,1
24,24,576,410,1
24,24,576,450,1
24,24,576,350,1
24,24,576,347,1
24,24,576,365,1
24,24,576,238,1
24,24,576,327,1
24,24,576,348,1
24,24,576,386,1
24,24,576,394,1
24,24,576,381,1
24,24,576,514,1
24,24,576,464,1
24,24,576,448,1
24,24,576,468,1
24,24,576,298,1
24,24,576,455,1
24,24,576,374,1
24,24,576,294,1
24,24,576,390,1
24,24,576,307,1
24,24,576,350,1
24,24,576,306,1
24,24,576,473,1
24,24,576,340,1
24,24,576,410,1
24,24,576,348,1
24,24,576,464,1
24,24,576,386,1
24,24,576,407,1
24,24,576,272,1
24,24,576,340,1
24,24,576,380,1
24,24,576,371,1
24,24,576,506,1
24,24,576,410,1
24,24,576,419,1
24,24,576,435,1
24,24,576,471,1
24,24,576,361,1
24,24,576,425,1
24,24,576,445,1
24,24,576,410,1
24,24,576,454,1
24,24,576,400,1
24,24,576,429,1
24,24,576,280,1
25,25,625,452,1
25,25,625,468,1
25,25,625,367,1
25,25,625,368,1
25,25,625,318,1
25,25,625,374,1
25,25,625,438,1
25,25,625,396,1
25,25,625,498,1
25,25,625,353,1
25,25,625,384,1
25,25,625,279,1
25,25,625,344,1
25,25,625,484,1
25,25,625,320,1
25,25,625,416,1
25,25,625,458,1
25,25,625,479,1
25,25,625,377,1
25,25,625,635,1
25,25,625,451,1
25,25,625,384,1
25,25,625,446,1
25,25,625,314,1
25,25,625,455,1
25,25,625,421,1
25,25,625,571,1
25,25,625,479,1
25,25,625,268,1
25,25,625,462,1
25,25,625,472,1
25,25,625,340,1
25,25,625,376,1
25,25,625,451,1
25,25,625,355,1
25,25,625,371,1
25,25,625,429,1
25,25,625,438,1
25,25,625,340,1
25,25,625,330,1
25,25,625,508,1
25,25,625,484,1
25,25,625,417,1
25,25,625,468,1
25,25,625,481,1
25,25,625,376,1
25,25,625,410,1
25,25,625,390,1
25,25,625,344,1
25,25,625,415,1
25,25,625,492,1
25,25,625,489,1
25,25,625,492,1
25,25,625,460,1
25,25,625,503,1
25,25,625,423,1
25,25,625,441,1
25,25,625,256,1
25,25,625,532,1
25,25,625,323,1
25,25,625,396,1
25,25,625,556,1
25,25,625,456,1
25,25,625,373,1
25,25,625,509,1
25,25,625,469,1
25,25,625,534,1
25,25,625,423,1
25,25,625,438,1
25,25,625,473,1
25,25,625,376,1
25,25,625,392,1
25,25,625,448,1
25,25,625,490,1
25,25,625,407,1
25,25,625,409,1
25,25,625,383,1
25,25,625,516,1
25,25,625,314,1
25,25,625,477,1
25,25,625,379,1
25,25,625,510,1
25,25,625,559,1
25,25,625,429,1
25,25,625,367,1
25,25,625,412,1
25,25,625,310,1
25,25,625,501,1
25,25,625,385,1
25,25,625,481,1
25,25,625,248,1
25,25,625,424,1
25,25,625,307,1
25,25,625,439,1
25,25,625,311,1
25,25,625,512,1
25,25,625,419,1
25,25,625,439,1
25,25,625,318,1
25,25,625,542,1
26,26,676,512,1
26,26,676,380,1
26,26,676,320,1
26,26,676,379,1
26,26,676,508,1
26,26,676,487,1
26,26,676,453,1
26,26,676,544,1
26,26,676,377,1
26,26,676,418,1
26,26,676,555,1
26,26,676,334,1
26,26,676,514,1
26,26,676,357,1
26,26,676,526,1
26,26,676,373,1
26,26,676,501,1
26,26,676,378,1
26,26,676,490,1
26,26,676,519,1
26,26,676,410,1
26,26,676,400,1
26,26,676,531,1
26,26,676,389,1
26,26,676,512,1
26,26,676,302,1
26,26,676,512,1
26,26,676,389,1
26,26,676,398,1
26,26,676,361,1
26,26,676,564,1
26,26,676,426,1
26,26,676,429,1
26,26,676,451,1
26,26,676,545,1
26,26,676,440,1
26,26,676,475,1
26,26,676,358,1
26,26,676,505,1
26,26,676,487,1
26,26,676,548,1
26,26,676,590,1
26,26,676,357,1
26,26,676,399,1
26,26,676,402,1
26,26,676,397,1
26,26,676,306,1
26,26,676,435,1
26,26,676,456,1
26,26,676,394,1
26,26,676,475,1
26,26,676,596,1
26,26,676,456,1
26,26,676,566,1
26,26,676,395,1
26,26,676,535,1
26,26,676,455,1
26,26,676,472,1
26,26,676,450,1
26,26,676,445,1
26,26,676,593,1
26,26,676,402,1
26,26,676,509,1
26,26,676,349,1
26,26,676,410,1
26,26,676,520,1
26,26,676,406,1
26,26,676,397,1
26,26,676,535,1
26,26,676,524,1
26,26,676,366,1
26,26,676,341,1
26,26,676,554,1
26,26,676,383,1
26,26,676,490,1
26,26,676,421,1
26,26,676,387,1
26,26,676,381,1
26,26,676,426,1
26,26,676,459,1
26,26,676,418,1
26,26,676,508,1
26,26,676,430,1
26,26,676,494,1
26,26,676,350,1
26,26,676,328,1
26,26,676,527,1
26,26,676,461,1
26,26,676,436,1
26,26,676,511,1
26,26,676,425,1
26,26,676,447,1
26,26,676,523,1
26,26,676,417,1
26,26,676,406,1
26,26,676,365,1
26,26,676,317,1
26,26,676,382,1
26,26,676,480,1
26,26,676,375,1
27,27,729,434,1
27,27,729,512,1
27,27,729,484,1
27,27,729,325,1
27,27,729,672,1
27,27,729,275,1
27,27,729,336,1
27,27,729,321,1
27,27,729,561,1
27,27,729,375,1
27,27,729,577,1
27,27,729,463,1
27,27,729,345,1
27,27,729,466,1
27,27,729,587,1
27,27,729,545,1
27,27,729,403,1
27,27,729,566,1
27,27,729,471,1
27,27,729,599,1
27,27,729,533,1
27,27,729,534,1
27,27,729,597,1
27,27,729,509,1
27,27,729,351,1
27,27,729,509,1
27,27,729,427,1
27,27,729,521,1
27,27,729,415,1
27,27,729,510,1
27,27,729,555,1
27,27,729,488,1
27,27,729,373,1
27,27,729,430,1
27,27,729,351,1
27,27,729,485,1
27,27,729,477,1
27,27,729,404,1
27,27,729,581,1
27,27,729,574,1
27,27,729,434,1
27,27,729,385,1
27,27,729,451,1
27,27,729,489,1
27,27,729,441,1
27,27,729,427,1
27,27,729,567,1
27,27,729,460,1
27,27,729,498,1
27,27,729,404,1
27,27,729,561,1
27,27,729,532,1
27,27,729,755,1
27,27,729,361,1
27,27,729,520,1
27,27,729,443,1
27,27,729,534,1
27,27,729,351,1
27,27,729,403,1
27,27,729,376,1
27,27,729,407,1
27,27,729,467,1
27,27,729,623,1
27,27,729,447,1
27,27,729,471,1
27,27,729,339,1
27,27,729,486,1
27,27,729,541,1
27,27,729,352,1
27,27,729,516,1
27,27,729,268,1
27,27,729,381,1
27,27,729,470,1
27,27,729,589,1
27,27,729,526,1
27,27,729,438,1
27,27,729,460,1
27,27,729,410,1
27,27,729,477,1
27,27,729,586,1
27,27,729,381,1
27,27,729,401,1
27,27,729,472,1
27,27,729,485,1
27,27,729,416,1
27,27,729,484,1
27,27,729,386,1
27,27,729,437,1
27,27,729,572,1
27,27,729,546,1
27,27,729,406,1
27,27,729,527,1
27,27,729,419,1
27,27,729,498,1
27,27,729,454,1
27,27,729,354,1
27,27,729,366,1
27,27,729,473,1
27,27,729,581,1
27,27,729,562,1
28,28,784,567,1
28,28,784,652,1
28,28,784,366,1
28,28,784,503,1
28,28,784,473,1
28,28,784,436,1
28,28,784,499,1
28,28,784,493,1
28,28,784,482,1
28,28,784,516,1
28,28,784,497,1
28,28,784,536,1
28,28,784,630,1
28,28,784,549,1
28,28,784,482,1
28,28,784,548,1
28,28,784,456,1
28,28,784,547,1
28,28,784,631,1
28,28,784,473,1
28,28,784,452,1
28,28,784,473,1
28,28,784,508,1
28,28,784,619,1
28,28,784,628,1
28,28,784,518,1
28,28,784,499,1
28,28,784,550,1
28,28,784,623,1
28,28,784,475,1
28,28,784,478,1
28,28,784,419,1
28,28,784,602,1
28,28,784,500,1
28,28,784,437,1
28,28,784,458,1
28,28,784,600,1
28,28,784,552,1
28,28,784,445,1
28,28,784,500,1
28,28,784,548,1
28,28,784,539,1
28,28,784,519,1
28,28,784,372,1
28,28,784,545,1
28,28,784,494,1
28,28,784,491,1
28,28,784,427,1
28,28,784,331,1
28,28,784,556,1
28,28,784,552,1
28,28,784,446,1
28,28,784,562,1
28,28,784,536,1
28,28,784,596,1
28,28,784,404,1
28,28,784,414,1
28,28,784,604,1
28,28,784,598,1
28,28,784,594,1
28,28,784,469,1
28,28,784,354,1
28,28,784,613,1
28,28,784,615,1
28,28,784,508,1
28,28,784,732,1
28,28,784,577,1
28,28,784,445,1
28,28,784,520,1
28,28,784,595,1
28,28,784,829,1
28,28,784,484,1
28,28,784,393,1
28,28,784,553,1
28,28,784,640,1
28,28,784,599,1
28,28,784,775,1
28,28,784,547,1
28,28,784,540,1
28,28,784,490,1
28,28,784,435,1
28,28,784,404,1
28,28,784,503,1
28,28,784,500,1
28,28,784,447,1
28,28,784,768,1
28,28,784,444,1
28,28,784,471,1
28,28,784,586,1
28,28,784,500,1
28,28,784,446,1
28,28,784,629,1
28,28,784,500,1
28,28,784,706,1
28,28,784,740,1
28,28,784,598,1
28,28,784,431,1
28,28,784,471,1
28,28,784,600,1
28,28,784,357,1
29,29,841,527,1
29,29,841,567,1
29,29,841,648,1
29,29,841,808,1
29,29,841,602,1
29,29,841,578,1
29,29,841,742,1
29,29,841,562,1
29,29,841,565,1
29,29,841,462,1
29,29,841,610,1
29,29,841,591,1
29,29,841,627,1
29,29,841,523,1
29,29,841,754,1
29,29,841,586,1
29,29,841,660,1
29,29,841,522,1
29,29,841,456,1
29,29,841,574,1
29,29,841,446,1
29,29,841,526,1
29,29,841,420,1
29,29,841,632,1
29,29,841,447,1
29,29,841,592,1
29,29,841,494,1
29,29,841,486,1
29,29,841,457,1
29,29,841,430,1
29,29,841,681,1
29,29,841,747,1
29,29,841,599,1
29,29,841,510,1
29,29,841,494,1
29,29,841,707,1
29,29,841,628,1
29,29,841,534,1
29,29,841,588,1
29,29,841,578,1
29,29,841,525,1
29,29,841,477,1
29,29,841,590,1
29,29,841,568,1
29,29,841,556,1
29,29,841,713,1
29,29,841,540,1
29,29,841,475,1
29,29,841,481,1
29,29,841,530,1
29,29,841,617,1
29,29,841,530,1
29,29,841,493,1
29,29,841,598,1
29,29,841,648,1
29,29,841,617,1
29,29,841,541,1
29,29,841,506,1
29,29,841,434,1
29,29,841,628,1
29,29,841,533,1
29,29,841,528,1
29,29,841,460,1
29,29,841,601,1
29,29,841,554,1
29,29,841,415,1
29,29,841,575,1
29,29,841,822,1
29,29,841,516,1
29,29,841,323,1
29,29,841,496,1
29,29,841,785,1
29,29,841,485,1
29,29,841,786,1
29,29,841,679,1
29,29,841,439,1
29,29,841,519,1
29,29,841,465,1
29,29,841,563,1
29,29,841,421,1
29,29,841,456,1
29,29,841,511,1
29,29,841,565,1
29,29,841,642,1
29,29,841,674,1
29,29,841,527,1
29,29,841,621,1
29,29,841,571,1
29,29,841,851,1
29,29,841,563,1
29,29,841,839,1
29,29,841,575,1
29,29,841,798,1
29,29,841,560,1
29,29,841,584,1
29,29,841,536,1
29,29,841,420,1
29,29,841,641,1
29,29,841,340,1
29,29,841,467,1
30,30,900,482,1
30,30,900,609,1
30,30,900,659,1
30,30,900,611,1
30,30,900,341,1
30,30,900,700,1
30,30,900,607,1
30,30,900,583,1
30,30,900,568,1
30,30,900,662,1
30,30,900,617,1
30,30,900,604,1
30,30,900,637,1
30,30,900,825,1
30,30,900,627,1
30,30,900,668,1
30,30,900,593,1
30,30,900,614,1
30,30,900,530,1
30,30,900,547,1
30,30,900,838,1
30,30,900,606,1
30,30,900,662,1
30,30,900,482,1
30,30,900,570,1
30,30,900,675,1
30,30,900,478,1
30,30,900,566,1
30,30,900,420,1
30,30,900,539,1
30,30,900,630,1
30,30,900,551,1
30,30,900,588,1
30,30,900,734,1
30,30,900,579,1
30,30,900,575,1
30,30,900,608,1
30,30,900,584,1
30,30,900,630,1
30,30,900,587,1
30,30,900,630,1
30,30,900,478,1
30,30,900,723,1
30,30,900,599,1
30,30,900,597,1
30,30,900,500,1
30,30,900,683,1
30,30,900,587,1
30,30,900,595,1
30,30,900,677,1
30,30,900,445,1
30,30,900,667,1
30,30,900,574,1
30,30,900,723,1
30,30,900,558,1
30,30,900,631,1
30,30,900,944,1
30,30,900,566,1
30,30,900,725,1
30,30,900,524,1
30,30,900,548,1
30,30,900,750,1
30,30,900,614,1
30,30,900,635,1
30,30,900,567,1
30,30,900,679,1
30,30,900,535,1
30,30,900,893,1
30,30,900,560,1
30,30,900,705,1
30,30,900,481,1
30,30,900,700,1
30,30,900,635,1
30,30,900,660,1
30,30,900,587,1
30,30,900,704,1
30,30,900,676,1
30,30,900,587,1
30,30,900,747,1
30,30,900,662,1
30,30,900,516,1
30,30,900,552,1
30,30,900,638,1
30,30,900,797,1
30,30,900,491,1
30,30,900,477,1
30,30,900,588,1
30,30,900,566,1
30,30,900,540,1
30,30,900,556,1
30,30,900,484,1
30,30,900,621,1
30,30,900,708,1
30,30,900,510,1
30,30,900,653,1
30,30,900,587,1
30,30,900,553,1
30,30,900,694,1
30,30,900,648,1
30,30,900,750,1
31,31,961,518,1
31,31,961,608,1
31,31,961,586,1
31,31,961,649,1
31,31,961,760,1
31,31,961,881,1
31,31,961,570,1
31,31,961,723,1
31,31,961,695,1
31,31,961,470,1
31,31,961,787,1
31,31,961,773,1
31,31,961,728,1
31,31,961,991,1
31,31,961,692,1
31,31,961,635,1
31,31,961,863,1
31,31,961,618,1
31,31,961,654,1
31,31,961,537,1
31,31,961,530,1
31,31,961,635,1
31,31,961,818,1
31,31,961,553,1
31,31,961,778,1
31,31,961,723,1
31,31,961,740,1
31,31,961,753,1
31,31,961,646,1
31,31,961,522,1
31,31,961,798,1
31,31,961,967,1
31,31,961,508,1
31,31,961,561,1
31,31,961,720,1
31,31,961,598,1
31,31,961,650,1
31,31,961,612,1
31,31,961,546,1
31,31,961,495,1
31,31,961,653,1
31,31,961,653,1
31,31,961,747,1
31,31,961,582,1
31,31,961,508,1
31,31,961,516,1
31,31,961,622,1
31,31,961,838,1
31,31,961,832,1
31,31,961,679,1
31,31,961,661,1
31,31,961,608,1
31,31,961,644,1
31,31,961,632,1
31,31,961,617,1
31,31,961,657,1
31,31,961,592,1
31,31,961,554,1
31,31,961,664,1
31,31,961,699,1
31,31,961,619,1
31,31,961,621,1
31,31,961,577,1
31,31,961,540,1
31,31,961,451,1
31,31,961,547,1
31,31,961,726,1
31,31,961,564,1
31,31,961,840,1
31,31,961,753,1
31,31,961,750,1
31,31,961,638,1
31,31,961,525,1
31,31,961,536,1
31,31,961,624,1
31,31,961,736,1
31,31,961,585,1
31,31,961,661,1
31,31,961,572,1
31,31,961,905,1
31,31,961,543,1
31,31,961,547,1
31,31,961,749,1
31,31,961,766,1
31,31,961,599,1
31,31,961,535,1
31,31,961,698,1
31,31,961,796,1
31,31,961,640,1
31,31,961,556,1
31,31,961,718,1
31,31,961,787,1
31,31,961,685,1
31,31,961,932,1
31,31,961,610,1
31,31,961,627,1
31,31,961,664,1
31,31,961,677,1
31,31,961,605,1
31,31,961,586,1
32,32,1024,582,1
32,32,1024,884,1
32,32,1024,644,1
32,32,1024,800,1
32,32,1024,897,1
32,32,1024,700,1
32,32,1024,562,1
32,32,1024,865,1
32,32,1024,682,1
32,32,1024,826,1
32,32,1024,641,1
32,32,1024,832,1
32,32,1024,670,1
32,32,1024,618,1
32,32,1024,722,1
32,32,1024,564,1
32,32,1024,539,1
32,32,1024,744,1
32,32,1024,739,1
32,32,1024,722,1
32,32,1024,569,1
32,32,1024,624,1
32,32,1024,756,1
32,32,1024,693,1
32,32,1024,904,1
32,32,1024,653,1
32,32,1024,652,1
32,32,1024,705,1
32,32,1024,542,1
32,32,1024,617,1
32,32,1024,565,1
32,32,1024,792,1
32,32,1024,494,1
32,32,1024,768,1
32,32,1024,635,1
32,32,1024,754,1
32,32,1024,645,1
32,32,1024,1099,1
32,32,1024,650,1
32,32,1024,601,1
32,32,1024,605,1
32,32,1024,513,1
32,32,1024,644,1
32,32,1024,706,1
32,32,1024,698,1
32,32,1024,756,1
32,32,1024,732,1
32,32,1024,601,1
32,32,1024,1071,1
32,32,1024,561,1
32,32,1024,857,1
32,32,1024,772,1
32,32,1024,847,1
32,32,1024,829,1
32,32,1024,540,1
32,32,1024,740,1
32,32,1024,873,1
32,32,1024,873,1
32,32,1024,633,1
32,32,1024,646,1
32,32,1024,570,1
32,32,1024,572,1
32,32,1024,726,1
32,32,1024,769,1
32,32,1024,802,1
32,32,1024,608,1
32,32,1024,760,1
32,32,1024,567,1
32,32,1024,651,1
32,32,1024,563,1
32,32,1024,688,1
32,32,1024,761,1
32,32,1024,657,1
32,32,1024,976,1
32,32,1024,665,1
32,32,1024,664,1
32,32,1024,765,1
32,32,1024,614,1
32,32,1024,715,1
32,32,1024,700,1
32,32,1024,650,1
32,32,1024,565,1
32,32,1024,865,1
32,32,1024,885,1
32,32,1024,618,1
32,32,1024,719,1
32,32,1024,754,1
32,32,1024,604,1
32,32,1024,554,1
32,32,1024,607,1
32,32,1024,857,1
32,32,1024,578,1
32,32,1024,828,1
32,32,1024,696,1
32,32,1024,663,1
32,32,1024,654,1
32,32,1024,706,1
32,32,1024,719,1
32,32,1024,684,1
32,32,1024,623,1
33,33,1089,958,1
33,33,1089,574,1
33,33,1089,837,1
33,33,1089,514,1
33,33,1089,653,1
33,33,1089,822,1
33,33,1089,728,1
33,33,1089,634,1
33,33,1089,710,1
33,33,1089,923,1
33,33,1089,703,1
33,33,1089,571,1
33,33,1089,697,1
33,33,1089,787,1
33,33,1089,897,1
33,33,1089,944,1
33,33,1089,673,1
33,33,1089,886,1
33,33,1089,915,1
33,33,1089,978,1
33,33,1089,724,1
33,33,1089,678,1
33,33,1089,542,1
33,33,1089,590,1
33,33,1089,685,1
33,33,1089,678,1
33,33,1089,537,1
33,33,1089,727,1
33,33,1089,794,1
33,33,1089,637,1
33,33,1089,853,1
33,33,1089,662,1
33,33,1089,582,1
33,33,1089,748,1
33,33,1089,601,1
33,33,1089,619,1
33,33,1089,802,1
33,33,1089,567,1
33,33,1089,733,1
33,33,1089,956,1
33,33,1089,880,1
33,33,1089,629,1
33,33,1089,781,1
33,33,1089,859,1
33,33,1089,833,1
33,33,1089,806,1
33,33,1089,694,1
33,33,1089,773,1
33,33,1089,677,1
33,33,1089,758,1
33,33,1089,751,1
33,33,1089,688,1
33,33,1089,734,1
33,33,1089,713,1
33,33,1089,712,1
33,33,1089,890,1
33,33,1089,772,1
33,33,1089,677,1
33,33,1089,888,1
33,33,1089,871,1
33,33,1089,752,1
33,33,1089,790,1
33,33,1089,822,1
33,33,1089,763,1
33,33,1089,747,1
33,33,1089,567,1
33,33,1089,844,1
33,33,1089,680,1
33,33,1089,721,1
33,33,1089,666,1
33,33,1089,682,1
33,33,1089,957,1
33,33,1089,854,1
33,33,1089,684,1
33,33,1089,763,1
33,33,1089,830,1
33,33,1089,599,1
33,33,1089,602,1
33,33,1089,723,1
33,33,1089,708,1
33,33,1089,863,1
33,33,1089,550,1
33,33,1089,601,1
33,33,1089,988,1
33,33,1089,637,1
33,33,1089,636,1
33,33,1089,890,1
33,33,1089,968,1
33,33,1089,787,1
33,33,1089,625,1
33,33,1089,490,1
33,33,1089,712,1
33,33,1089,770,1
33,33,1089,813,1
33,33,1089,801,1
33,33,1089,647,1
33,33,1089,814,1
33,33,1089,552,1
33,33,1089,672,1
33,33,1089,669,1
34,34,1156,1104,1
34,34,1156,780,1
34,34,1156,886,1
34,34,1156,605,1
34,34,1156,744,1
34,34,1156,840,1
34,34,1156,755,1
34,34,1156,782,1
34,34,1156,808,1
34,34,1156,875,1
34,34,1156,1291,1
34,34,1156,600,1
34,34,1156,628,1
34,34,1156,647,1
34,34,1156,886,1
34,34,1156,837,1
34,34,1156,677,1
34,34,1156,753,1
34,34,1156,703,1
34,34,1156,697,1
34,34,1156,789,1
34,34,1156,865,1
34,34,1156,798,1
34,34,1156,1070,1
34,34,1156,785,1
34,34,1156,900,1
34,34,1156,1061,1
34,34,1156,839,1
34,34,1156,982,1
34,34,1156,851,1
34,34,1156,732,1
34,34,1156,734,1
34,34,1156,637,1
34,34,1156,735,1
34,34,1156,667,1
34,34,1156,915,1
34,34,1156,871,1
34,34,1156,829,1
34,34,1156,889,1
34,34,1156,1195,1
34,34,1156,749,1
34,34,1156,873,1
34,34,1156,873,1
34,34,1156,944,1
34,34,1156,666,1
34,34,1156,685,1
34,34,1156,1297,1
34,34,1156,682,1
34,34,1156,552,1
34,34,1156,603,1
34,34,1156,804,1
34,34,1156,956,1
34,34,1156,819,1
34,34,1156,749,1
34,34,1156,820,1
34,34,1156,712,1
34,34,1156,965,1
34,34,1156,645,1
34,34,1156,774,1
34,34,1156,728,1
34,34,1156,683,1
34,34,1156,821,1
34,34,1156,794,1
34,34,1156,868,1
34,34,1156,843,1
34,34,1156,840,1
34,34,1156,676,1
34,34,1156,1053,1
34,34,1156,693,1
34,34,1156,777,1
34,34,1156,893,1
34,34,1156,875,1
34,34,1156,800,1
34,34,1156,760,1
34,34,1156,706,1
34,34,1156,747,1
34,34,1156,777,1
34,34,1156,918,1
34,34,1156,691,1
34,34,1156,846,1
34,34,1156,898,1
34,34,1156,849,1
34,34,1156,824,1
34,34,1156,810,1
34,34,1156,1071,1
34,34,1156,745,1
34,34,1156,603,1
34,34,1156,1111,1
34,34,1156,1150,1
34,34,1156,874,1
34,34,1156,779,1
34,34,1156,1028,1
34,34,1156,817,1
34,34,1156,686,1
34,34,1156,896,1
34,34,1156,738,1
34,34,1156,717,1
34,34,1156,885,1
34,34,1156,851,1
34,34,1156,734,1
35,35,1225,818,1
35,35,1225,917,1
35,35,1225,974,1
35,35,1225,964,1
35,35,1225,722,1
35,35,1225,932,1
35,35,1225,799,1
35,35,1225,916,1
35,35,1225,759,1
35,35,1225,714,1
35,35,1225,715,1
35,35,1225,906,1
35,35,1225,697,1
35,35,1225,713,1
35,35,1225,779,1
35,35,1225,697,1
35,35,1225,1016,1
35,35,1225,1021,1
35,35,1225,955,1
35,35,1225,1124,1
35,35,1225,715,1
35,35,1225,908,1
35,35,1225,809,1
35,35,1225,1195,1
35,35,1225,836,1
35,35,1225,790,1
35,35,1225,948,1
35,35,1225,1149,1
35,35,1225,861,1
35,35,1225,695,1
35,35,1225,596,1
35,35,1225,656,1
35,35,1225,545,1
35,35,1225,842,1
35,35,1225,944,1
35,35,1225,856,1
35,35,1225,682,1
35,35,1225,929,1
35,35,1225,652,1
35,35,1225,790,1
35,35,1225,623,1
35,35,1225,782,1
35,35,1225,845,1
35,35,1225,921,1
35,35,1225,970,1
35,35,1225,843,1
35,35,1225,847,1
35,35,1225,846,1
35,35,1225,875,1
35,35,1225,838,1
35,35,1225,987,1
35,35,1225,573,1
35,35,1225,1114,1
35,35,1225,790,1
35,35,1225,1063,1
35,35,1225,915,1
35,35,1225,834,1
35,35,1225,968,1
35,35,1225,863,1
35,35,1225,734,1
35,35,1225,1027,1
35,35,1225,858,1
35,35,1225,941,1
35,35,1225,897,1
35,35,1225,608,1
35,35,1225,797,1
35,35,1225,777,1
35,35,1225,688,1
35,35,1225,1049,1
35,35,1225,1148,1
35,35,1225,725,1
35,35,1225,636,1
35,35,1225,695,1
35,35,1225,697,1
35,35,1225,936,1
35,35,1225,856,1
35,35,1225,730,1
35,35,1225,841,1
35,35,1225,822,1
35,35,1225,841,1
35,35,1225,843,1
35,35,1225,932,1
35,35,1225,845,1
35,35,1225,936,1
35,35,1225,492,1
35,35,1225,761,1
35,35,1225,789,1
35,35,1225,788,1
35,35,1225,698,1
35,35,1225,792,1
35,35,1225,621,1
35,35,1225,807,1
35,35,1225,885,1
35,35,1225,1070,1
35,35,1225,1060,1
35,35,1225,894,1
35,35,1225,607,1
35,35,1225,714,1
35,35,1225,764,1
35,35,1225,999,1
36,36,1296,997,1
36,36,1296,862,1
36,36,1296,954,1
36,36,1296,789,1
36,36,1296,927,1
36,36,1296,780,1
36,36,1296,954,1
36,36,1296,870,1
36,36,1296,906,1
36,36,1296,971,1
36,36,1296,957,1
36,36,1296,729,1
36,36,1296,977,1
36,36,1296,853,1
36,36,1296,749,1
36,36,1296,1072,1
36,36,1296,839,1
36,36,1296,825,1
36,36,1296,850,1
36,36,1296,723,1
36,36,1296,876,1
36,36,1296,1085,1
36,36,1296,1054,1
36,36,1296,1026,1
36,36,1296,891,1
36,36,1296,1028,1
36,36,1296,550,1
36,36,1296,876,1
36,36,1296,920,1
36,36,1296,851,1
36,36,1296,966,1
36,36,1296,1072,1
36,36,1296,829,1
36,36,1296,514,1
36,36,1296,795,1
36,36,1296,908,1
36,36,1296,888,1
36,36,1296,977,1
36,36,1296,884,1
36,36,1296,921,1
36,36,1296,1399,1
36,36,1296,1106,1
36,36,1296,839,1
36,36,1296,926,1
36,36,1296,813,1
36,36,1296,1042,1
36,36,1296,796,1
36,36,1296,1108,1
36,36,1296,929,1
36,36,1296,1199,1
36,36,1296,692,1
36,36,1296,626,1
36,36,1296,852,1
36,36,1296,715,1
36,36,1296,993,1
36,36,1296,940,1
36,36,1296,864,1
36,36,1296,853,1
36,36,1296,1280,1
36,36,1296,1019,1
36,36,1296,791,1
36,36,1296,828,1
36,36,1296,865,1
36,36,1296,880,1
36,36,1296,878,1
36,36,1296,816,1
36,36,1296,948,1
36,36,1296,778,1
36,36,1296,753,1
36,36,1296,982,1
36,36,1296,852,1
36,36,1296,946,1
36,36,1296,616,1
36,36,1296,1176,1
36,36,1296,910,1
36,36,1296,869,1
36,36,1296,819,1
36,36,1296,882,1
36,36,1296,864,1
36,36,1296,766,1
36,36,1296,801,1
36,36,1296,686,1
36,36,1296,805,1
36,36,1296,717,1
36,36,1296,1163,1
36,36,1296,1093,1
36,36,1296,715,1
36,36,1296,717,1
36,36,1296,873,1
36,36,1296,871,1
36,36,1296,937,1
36,36,1296,900,1
36,36,1296,964,1
36,36,1296,1069,1
36,36,1296,927,1
36,36,1296,1142,1
36,36,1296,977,1
36,36,1296,905,1
36,36,1296,911,1
36,36,1296,912,1
37,37,1369,1244,1
37,37,1369,842,1
37,37,1369,824,1
37,37,1369,1035,1
37,37,1369,1076,1
37,37,1369,998,1
37,37,1369,853,1
37,37,1369,950,1
37,37,1369,833,1
37,37,1369,760,1
37,37,1369,1057,1
37,37,1369,1096,1
37,37,1369,843,1
37,37,1369,838,1
37,37,1369,862,1
37,37,1369,993,1
37,37,1369,925,1
37,37,1369,746,1
37,37,1369,932,1
37,37,1369,879,1
37,37,1369,839,1
37,37,1369,885,1
37,37,1369,1090,1
37,37,1369,891,1
37,37,1369,1087,1
37,37,1369,774,1
37,37,1369,1167,1
37,37,1369,973,1
37,37,1369,656,1
37,37,1369,779,1
37,37,1369,881,1
37,37,1369,864,1
37,37,1369,1105,1
37,37,1369,671,1
37,37,1369,825,1
37,37,1369,920,1
37,37,1369,850,1
37,37,1369,1006,1
37,37,1369,1056,1
37,37,1369,1077,1
37,37,1369,1016,1
37,37,1369,898,1
37,37,1369,721,1
37,37,1369,1133,1
37,37,1369,614,1
37,37,1369,1173,1
37,37,1369,1296,1
37,37,1369,785,1
37,37,1369,943,1
37,37,1369,1224,1
37,37,1369,1208,1
37,37,1369,921,1
37,37,1369,1150,1
37,37,1369,932,1
37,37,1369,1065,1
37,37,1369,929,1
37,37,1369,845,1
37,37,1369,937,1
37,37,1369,931,1
37,37,1369,881,1
37,37,1369,1056,1
37,37,1369,911,1
37,37,1369,808,1
37,37,1369,905,1
37,37,1369,678,1
37,37,1369,1178,1
37,37,1369,1154,1
37,37,1369,908,1
37,37,1369,1080,1
37,37,1369,846,1
37,37,1369,730,1
37,37,1369,1230,1
37,37,1369,1152,1
37,37,1369,1013,1
37,37,1369,1019,1
37,37,1369,913,1
37,37,1369,1036,1
37,37,1369,864,1
37,37,1369,823,1
37,37,1369,791,1
37,37,1369,1057,1
37,37,1369,887,1
37,37,1369,1096,1
37,37,1369,1004,1
37,37,1369,974,1
37,37,1369,788,1
37,37,1369,1212,1
37,37,1369,1061,1
37,37,1369,920,1
37,37,1369,1014,1
37,37,1369,731,1
37,37,1369,1057,1
37,37,1369,1046,1
37,37,1369,936,1
37,37,1369,863,1
37,37,1369,860,1
37,37,1369,1073,1
37,37,1369,1288,1
37,37,1369,1008,1
37,37,1369,790,1
38,38,1444,1009,1
38,38,1444,1411,1
38,38,1444,910,1
38,38,1444,965,1
38,38,1444,786,1
38,38,1444,1062,1
38,38,1444,1007,1
38,38,1444,1165,1
38,38,1444,1159,1
38,38,1444,1096,1
38,38,1444,1115,1
38,38,1444,1404,1
38,38,1444,1057,1
38,38,1444,905,1
38,38,1444,971,1
38,38,1444,1010,1
38,38,1444,944,1
38,38,1444,907,1
38,38,1444,1217,1
38,38,1444,975,1
38,38,1444,1460,1
38,38,1444,892,1
38,38,1444,1063,1
38,38,1444,969,1
38,38,1444,926,1
38,38,1444,1105,1
38,38,1444,928,1
38,38,1444,1124,1
38,38,1444,978,1
38,38,1444,994,1
38,38,1444,1009,1
38,38,1444,1164,1
38,38,1444,1031,1
38,38,1444,979,1
38,38,1444,843,1
38,38,1444,1501,1
38,38,1444,1171,1
38,38,1444,1014,1
38,38,1444,1065,1
38,38,1444,837,1
38,38,1444,896,1
38,38,1444,1095,1
38,38,1444,1149,1
38,38,1444,1144,1
38,38,1444,1001,1
38,38,1444,1065,1
38,38,1444,893,1
38,38,1444,1060,1
38,38,1444,1103,1
38,38,1444,1077,1
38,38,1444,1009,1
38,38,1444,1071,1
38,38,1444,1098,1
38,38,1444,928,1
38,38,1444,856,1
38,38,1444,1123,1
38,38,1444,928,1
38,38,1444,835,1
38,38,1444,1039,1
38,38,1444,1115,1
38,38,1444,996,1
38,38,1444,1108,1
38,38,1444,1102,1
38,38,1444,959,1
38,38,1444,1244,1
38,38,1444,933,1
38,38,1444,983,1
38,38,1444,805,1
38,38,1444,871,1
38,38,1444,991,1
38,38,1444,963,1
38,38,1444,1230,1
38,38,1444,837,1
38,38,1444,958,1
38,38,1444,735,1
38,38,1444,1128,1
38,38,1444,1091,1
38,38,1444,1269,1
38,38,1444,1050,1
38,38,1444,973,1
38,38,1444,875,1
38,38,1444,903,1
38,38,1444,891,1
38,38,1444,870,1
38,38,1444,960,1
38,38,1444,1053,1
38,38,1444,1182,1
38,38,1444,1225,1
38,38,1444,641,1
38,38,1444,1000,1
38,38,1444,1160,1
38,38,1444,1041,1
38,38,1444,1000,1
38,38,1444,1025,1
38,38,1444,1295,1
38,38,1444,1015,1
38,38,1444,1118,1
38,38,1444,949,1
38,38,1444,933,1
38,38,1444,1214,1
39,39,1521,1031,1
39,39,1521,1103,1
39,39,1521,954,1
39,39,1521,1032,1
39,39,1521,849,1
39,39,1521,1180,1
39,39,1521,1049,1
39,39,1521,1607,1
39,39,1521,1070,1
39,39,1521,1077,1
39,39,1521,996,1
39,39,1521,1020,1
39,39,1521,996,1
39,39,1521,1103,1
39,39,1521,1362,1
39,39,1521,1123,1
39,39,1521,935,1
39,39,1521,1142,1
39,39,1521,1059,1
39,39,1521,999,1
39,39,1521,1337,1
39,39,1521,1405,1
39,39,1521,1063,1
39,39,1521,857,1
39,39,1521,987,1
39,39,1521,950,1
39,39,1521,971,1
39,39,1521,1141,1
39,39,1521,1093,1
39,39,1521,1020,1
39,39,1521,970,1
39,39,1521,1370,1
39,39,1521,801,1
39,39,1521,1293,1
39,39,1521,1158,1
39,39,1521,1341,1
39,39,1521,877,1
39,39,1521,1417,1
39,39,1521,1066,1
39,39,1521,1247,1
39,39,1521,988,1
39,39,1521,793,1
39,39,1521,1389,1
39,39,1521,1025,1
39,39,1521,1111,1
39,39,1521,1124,1
39,39,1521,1082,1
39,39,1521,1120,1
39,39,1521,1518,1
39,39,1521,956,1
39,39,1521,1039,1
39,39,1521,1195,1
39,39,1521,1142,1
39,39,1521,1571,1
39,39,1521,829,1
39,39,1521,767,1
39,39,1521,836,1
39,39,1521,1173,1
39,39,1521,1118,1
39,39,1521,1247,1
39,39,1521,1157,1
39,39,1521,1167,1
39,39,1521,1165,1
39,39,1521,1145,1
39,39,1521,1114,1
39,39,1521,1163,1
39,39,1521,1478,1
39,39,1521,1020,1
39,39,1521,633,1
39,39,1521,1058,1
39,39,1521,1220,1
39,39,1521,963,1
39,39,1521,1124,1
39,39,1521,1513,1
39,39,1521,994,1
39,39,1521,1218,1
39,39,1521,1042,1
39,39,1521,1153,1
39,39,1521,1062,1
39,39,1521,804,1
39,39,1521,1205,1
39,39,1521,1280,1
39,39,1521,1389,1
39,39,1521,905,1
39,39,1521,1027,1
39,39,1521,1114,1
39,39,1521,1170,1
39,39,1521,744,1
39,39,1521,909,1
39,39,1521,1116,1
39,39,1521,1234,1
39,39,1521,1364,1
39,39,1521,1019,1
39,39,1521,1319,1
39,39,1521,961,1
39,39,1521,1052,1
39,39,1521,1245,1
39,39,1521,1124,1
39,39,1521,1017,1
39,39,1521,1301,1
40,40,1600,1115,1
40,40,1600,866,1
40,40,1600,1320,1
40,40,1600,1107,1
40,40,1600,1148,1
40,40,1600,844,1
40,40,1600,941,1
40,40,1600,1142,1
40,40,1600,1399,1
40,40,1600,1240,1
40,40,1600,1112,1
40,40,1600,931,1
40,40,1600,1141,1
40,40,1600,1068,1
40,40,1600,1130,1
40,40,1600,1280,1
40,40,1600,1621,1
40,40,1600,1242,1
40,40,1600,809,1
40,40,1600,1092,1
40,40,1600,1469,1
40,40,1600,1162,1
40,40,1600,1134,1
40,40,1600,1031,1
40,40,1600,1209,1
40,40,1600,1112,1
40,40,1600,967,1
40,40,1600,1318,1
40,40,1600,1168,1
40,40,1600,1500,1
40,40,1600,1263,1
40,40,1600,1345,1
40,40,1600,1242,1
40,40,1600,1141,1
40,40,1600,1341,1
40,40,1600,1409,1
40,40,1600,888,1
40,40,1600,1220,1
40,40,1600,1404,1
40,40,1600,1188,1
40,40,1600,1125,1
40,40,1600,1513,1
40,40,1600,967,1
40,40,1600,817,1
40,40,1600,995,1
40,40,1600,1410,1
40,40,1600,1397,1
40,40,1600,1053,1
40,40,1600,1096,1
40,40,1600,1151,1
40,40,1600,1418,1
40,40,1600,1330,1
40,40,1600,1561,1
40,40,1600,1330,1
40,40,1600,1050,1
40,40,1600,1081,1
40,40,1600,964,1
40,40,1600,1277,1
40,40,1600,1029,1
40,40,1600,1037,1
40,40,1600,1307,1
40,40,1600,1069,1
40,40,1600,1415,1
40,40,1600,954,1
40,40,1600,1378,1
40,40,1600,1333,1
40,40,1600,1201,1
40,40,1600,1058,1
40,40,1600,1374,1
40,40,1600,1240,1
40,40,1600,1278,1
40,40,1600,984,1
40,40,1600,1198,1
40,40,1600,1074,1
40,40,1600,1367,1
40,40,1600,1171,1
40,40,1600,1192,1
40,40,1600,1555,1
40,40,1600,1260,1
40,40,1600,1220,1
40,40,1600,1281,1
40,40,1600,1228,1
40,40,1600,1683,1
40,40,1600,1542,1
40,40,1600,1443,1
40,40,1600,978,1
40,40,1600,1423,1
40,40,1600,1032,1
40,40,1600,1226,1
40,40,1600,1107,1
40,40,1600,1209,1
40,40,1600,997,1
40,40,1600,1861,1
40,40,1600,988,1
40,40,1600,1191,1
40,40,1600,985,1
40,40,1600,1090,1
40,40,1600,910,1
40,40,1600,1134,1
40,40,1600,1283,1
41,41,1681,1262,1
41,41,1681,1010,1
41,41,1681,1500,1
41,41,1681,1378,1
41,41,1681,1154,1
41,41,1681,1146,1
41,41,1681,1278,1
41,41,1681,1225,1
41,41,1681,1137,1
41,41,1681,986,1
41,41,1681,1241,1
41,41,1681,1092,1
41,41,1681,1626,1
41,41,1681,1081,1
41,41,1681,1214,1
41,41,1681,1355,1
41,41,1681,1186,1
41,41,1681,1410,1
41,41,1681,1062,1
41,41,1681,1168,1
41,41,1681,1512,1
41,41,1681,860,1
41,41,1681,1247,1
41,41,1681,964,1
41,41,1681,1517,1
41,41,1681,1176,1
41,41,1681,1237,1
41,41,1681,1115,1
41,41,1681,909,1
41,41,1681,1212,1
41,41,1681,1334,1
41,41,1681,1358,1
41,41,1681,1220,1
41,41,1681,1396,1
41,41,1681,817,1
41,41,1681,1118,1
41,41,1681,1170,1
41,41,1681,1263,1
41,41,1681,1415,1
41,41,1681,1224,1
41,41,1681,1257,1
41,41,1681,1399,1
41,41,1681,1138,1
41,41,1681,1150,1
41,41,1681,1097,1
41,41,1681,1085,1
41,41,1681,1005,1
41,41,1681,1089,1
41,41,1681,1110,1
41,41,1681,1291,1
41,41,1681,1028,1
41,41,1681,1140,1
41,41,1681,1052,1
41,41,1681,1024,1
41,41,1681,968,1
41,41,1681,1061,1
41,41,1681,1450,1
41,41,1681,1051,1
41,41,1681,1582,1
41,41,1681,990,1
41,41,1681,1216,1
41,41,1681,1332,1
41,41,1681,1171,1
41,41,1681,1214,1
41,41,1681,874,1
41,41,1681,1339,1
41,41,1681,1103,1
41,41,1681,1346,1
41,41,1681,1147,1
41,41,1681,989,1
41,41,1681,1035,1
41,41,1681,1196,1
41,41,1681,1082,1
41,41,1681,1215,1
41,41,1681,1315,1
41,41,1681,938,1
41,41,1681,1020,1
41,41,1681,1213,1
41,41,1681,1053,1
41,41,1681,1396,1
41,41,1681,1311,1
41,41,1681,1321,1
41,41,1681,1136,1
41,41,1681,1234,1
41,41,1681,1303,1
41,41,1681,940,1
41,41,1681,1184,1
41,41,1681,828,1
41,41,1681,1211,1
41,41,1681,1010,1
41,41,1681,1226,1
41,41,1681,1155,1
41,41,1681,1146,1
41,41,1681,1116,1
41,41,1681,1109,1
41,41,1681,1077,1
41,41,1681,1059,1
41,41,1681,937,1
41,41,1681,1379,1
41,41,1681,914,1
42,42,1764,1341,1
42,42,1764,1491,1
42,42,1764,1321,1
42,42,1764,1371,1
42,42,1764,1455,1
42,42,1764,1044,1
42,42,1764,1030,1
42,42,1764,1100,1
42,42,1764,1162,1
42,42,1764,1266,1
42,42,1764,1125,1
42,42,1764,1458,1
42,42,1764,1224,1
42,42,1764,1159,1
42,42,1764,1348,1
42,42,1764,1399,1
42,42,1764,1143,1
42,42,1764,1183,1
42,42,1764,1058,1
42,42,1764,1072,1
42,42,1764,989,1
42,42,1764,1202,1
42,42,1764,1445,1
42,42,1764,1421,1
42,42,1764,1027,1
42,42,1764,1599,1
42,42,1764,1260,1
42,42,1764,1423,1
42,42,1764,1081,1
42,42,1764,1543,1
42,42,1764,1149,1
42,42,1764,1335,1
42,42,1764,1092,1
42,42,1764,1460,1
42,42,1764,1163,1
42,42,1764,1118,1
42,42,1764,1431,1
42,42,1764,1311,1
42,42,1764,1477,1
42,42,1764,1208,1
42,42,1764,1715,1
42,42,1764,1044,1
42,42,1764,1230,1
42,42,1764,1253,1
42,42,1764,1238,1
42,42,1764,900,1
42,42,1764,1080,1
42,42,1764,1205,1
42,42,1764,907,1
42,42,1764,1320,1
42,42,1764,1286,1
42,42,1764,1525,1
42,42,1764,1315,1
42,42,1764,1578,1
42,42,1764,1127,1
42,42,1764,1184,1
42,42,1764,1184,1
42,42,1764,1030,1
42,42,1764,1596,1
42,42,1764,1354,1
42,42,1764,1145,1
42,42,1764,1181,1
42,42,1764,1316,1
42,42,1764,1142,1
42,42,1764,1185,1
42,42,1764,1330,1
42,42,1764,1399,1
42,42,1764,1557,1
42,42,1764,1233,1
42,42,1764,1189,1
42,42,1764,1262,1
42,42,1764,1040,1
42,42,1764,1111,1
42,42,1764,1109,1
42,42,1764,1235,1
42,42,1764,1380,1
42,42,1764,1080,1
42,42,1764,1308,1
42,42,1764,1329,1
42,42,1764,1167,1
42,42,1764,1200,1
42,42,1764,992,1
42,42,1764,1458,1
42,42,1764,1044,1
42,42,1764,1061,1
42,42,1764,1007,1
42,42,1764,1277,1
42,42,1764,1199,1
42,42,1764,1215,1
42,42,1764,1250,1
42,42,1764,1207,1
42,42,1764,1140,1
42,42,1764,1297,1
42,42,1764,1623,1
42,42,1764,1171,1
42,42,1764,1837,1
42,42,1764,1507,1
42,42,1764,1248,1
42,42,1764,1459,1
42,42,1764,1566,1
43,43,1849,1210,1
43,43,1849,1209,1
43,43,1849,1362,1
43,43,1849,1104,1
43,43,1849,1294,1
43,43,1849,1318,1
43,43,1849,1070,1
43,43,1849,1885,1
43,43,1849,1409,1
43,43,1849,1284,1
43,43,1849,990,1
43,43,1849,1407,1
43,43,1849,1346,1
43,43,1849,1269,1
43,43,1849,1596,1
43,43,1849,1375,1
43,43,1849,881,1
43,43,1849,1140,1
43,43,1849,1431,1
43,43,1849,1261,1
43,43,1849,1241,1
43,43,1849,1359,1
43,43,1849,1238,1
43,43,1849,1052,1
43,43,1849,1099,1
43,43,1849,1316,1
43,43,1849,1375,1
43,43,1849,915,1
43,43,1849,1648,1
43,43,1849,1189,1
43,43,1849,1228,1
43,43,1849,1701,1
43,43,1849,1374,1
43,43,1849,1381,1
43,43,1849,1635,1
43,43,1849,1119,1
43,43,1849,1208,1
43,43,1849,1219,1
43,43,1849,1835,1
43,43,1849,1278,1
43,43,1849,1774,1
43,43,1849,1488,1
43,43,1849,1334,1
43,43,1849,1301,1
43,43,1849,1161,1
43,43,1849,1222,1
43,43,1849,1030,1
43,43,1849,1116,1
43,43,1849,1480,1
43,43,1849,1629,1
43,43,1849,1494,1
43,43,1849,1185,1
43,43,1849,999,1
43,43,1849,1491,1
43,43,1849,1477,1
43,43,1849,1481,1
43,43,1849,1557,1
43,43,1849,1635,1
43,43,1849,1245,1
43,43,1849,1165,1
43,43,1849,1461,1
43,43,1849,1320,1
43,43,1849,1447,1
43,43,1849,1180,1
43,43,1849,1447,1
43,43,1849,1294,1
43,43,1849,1434,1
43,43,1849,1360,1
43,43,1849,1532,1
43,43,1849,1266,1
43,43,1849,1077,1
43,43,1849,993,1
43,43,1849,1528,1
43,43,1849,1146,1
43,43,1849,1233,1
43,43,1849,1373,1
43,43,1849,1524,1
43,43,1849,1413,1
43,43,1849,1776,1
43,43,1849,1524,1
43,43,1849,1353,1
43,43,1849,1576,1
43,43,1849,1406,1
43,43,1849,1168,1
43,43,1849,1423,1
43,43,1849,1700,1
43,43,1849,1686,1
43,43,1849,1372,1
43,43,1849,1380,1
43,43,1849,1311,1
43,43,1849,1180,1
43,43,1849,1392,1
43,43,1849,1718,1
43,43,1849,1299,1
43,43,1849,1191,1
43,43,1849,1695,1
43,43,1849,1495,1
43,43,1849,1226,1
43,43,1849,1292,1
43,43,1849,1023,1
44,44,1936,1334,1
44,44,1936,1447,1
44,44,1936,1387,1
44,44,1936,1090,1
44,44,1936,1385,1
44,44,1936,1418,1
44,44,1936,1116,1
44,44,1936,1306,1
44,44,1936,1599,1
44,44,1936,1598,1
44,44,1936,1223,1
44,44,1936,1157,1
44,44,1936,1543,1
44,44,1936,1769,1
44,44,1936,1336,1
44,44,1936,1644,1
44,44,1936,1309,1
44,44,1936,1254,1
44,44,1936,1241,1
44,44,1936,1444,1
44,44,1936,1785,1
44,44,1936,1161,1
44,44,1936,1847,1
44,44,1936,1301,1
44,44,1936,1140,1
44,44,1936,1502,1
44,44,1936,1516,1
44,44,1936,1467,1
44,44,1936,1406,1
44,44,1936,1444,1
44,44,1936,1485,1
44,44,1936,1340,1
44,44,1936,1190,1
44,44,1936,1234,1
44,44,1936,1541,1
44,44,1936,1609,1
44,44,1936,1280,1
44,44,1936,1622,1
44,44,1936,1403,1
44,44,1936,1246,1
44,44,1936,1145,1
44,44,1936,1247,1
44,44,1936,1354,1
44,44,1936,1430,1
44,44,1936,1254,1
44,44,1936,1279,1
44,44,1936,1763,1
44,44,1936,1376,1
44,44,1936,1212,1
44,44,1936,1483,1
44,44,1936,1437,1
44,44,1936,1689,1
44,44,1936,1813,1
44,44,1936,1567,1
44,44,1936,1662,1
44,44,1936,1564,1
44,44,1936,1399,1
44,44,1936,1609,1
44,44,1936,1728,1
44,44,1936,1254,1
44,44,1936,1406,1
44,44,1936,1444,1
44,44,1936,1203,1
44,44,1936,1241,1
44,44,1936,1532,1
44,44,1936,1223,1
44,44,1936,1367,1
44,44,1936,1261,1
44,44,1936,1345,1
44,44,1936,1378,1
44,44,1936,1568,1
44,44,1936,1354,1
44,44,1936,1981,1
44,44,1936,1094,1
44,44,1936,1173,1
44,44,1936,1364,1
44,44,1936,1660,1
44,44,1936,1488,1
44,44,1936,1608,1
44,44,1936,1549,1
44,44,1936,1248,1
44,44,1936,1465,1
44,44,1936,1532,1
44,44,1936,1609,1
44,44,1936,1467,1
44,44,1936,1697,1
44,44,1936,1378,1
44,44,1936,1374,1
44,44,1936,1057,1
44,44,1936,1321,1
44,44,1936,1253,1
44,44,1936,1210,1
44,44,1936,1440,1
44,44,1936,1473,1
44,44,1936,1315,1
44,44,1936,1236,1
44,44,1936,1663,1
44,44,1936,1568,1
44,44,1936,1370,1
44,44,1936,1469,1
45,45,2025,1636,1
45,45,2025,1496,1
45,45,2025,1572,1
45,45,2025,1069,1
45,45,2025,1429,1
45,45,2025,1547,1
45,45,2025,1402,1
45,45,2025,1686,1
45,45,2025,1558,1
45,45,2025,1319,1
45,45,2025,1148,1
45,45,2025,1456,1
45,45,2025,1504,1
45,45,2025,1282,1
45,45,2025,989,1
45,45,2025,1355,1
45,45,2025,1368,1
45,45,2025,1398,1
45,45,2025,1317,1
45,45,2025,1087,1
45,45,2025,1729,1
45,45,2025,1746,1
45,45,2025,1735,1
45,45,2025,1806,1
45,45,2025,1299,1
45,45,2025,1599,1
45,45,2025,1999,1
45,45,2025,1584,1
45,45,2025,1299,1
45,45,2025,1581,1
45,45,2025,1586,1
45,45,2025,1294,1
45,45,2025,1487,1
45,45,2025,1181,1
45,45,2025,1449,1
45,45,2025,1421,1
45,45,2025,1678,1
45,45,2025,1531,1
45,45,2025,1783,1
45,45,2025,1480,1
45,45,2025,1426,1
45,45,2025,1925,1
45,45,2025,2195,1
45,45,2025,1633,1
45,45,2025,1272,1
45,45,2025,1267,1
45,45,2025,1400,1
45,45,2025,1999,1
45,45,2025,1520,1
45,45,2025,1767,1
45,45,2025,1300,1
45,45,2025,1385,1
45,45,2025,1827,1
45,45,2025,1459,1
45,45,2025,1640,1
45,45,2025,1245,1
45,45,2025,1515,1
45,45,2025,1694,1
45,45,2025,1635,1
45,45,2025,1579,1
45,45,2025,1501,1
45,45,2025,1393,1
45,45,2025,1659,1
45,45,2025,1257,1
45,45,2025,1389,1
45,45,2025,1438,1
45,45,2025,1398,1
45,45,2025,1374,1
45,45,2025,1635,1
45,45,2025,1476,1
45,45,2025,1532,1
45,45,2025,1662,1
45,45,2025,1539,1
45,45,2025,1595,1
45,45,2025,1542,1
45,45,2025,1200,1
45,45,2025,1266,1
45,45,2025,1749,1
45,45,2025,954,1
45,45,2025,1261,1
45,45,2025,1316,1
45,45,2025,1195,1
45,45,2025,1354,1
45,45,2025,1398,1
45,45,2025,1912,1
45,45,2025,1134,1
45,45,2025,1680,1
45,45,2025,1599,1
45,45,2025,1490,1
45,45,2025,1649,1
45,45,2025,1318,1
45,45,2025,1390,1
45,45,2025,1625,1
45,45,2025,1391,1
45,45,2025,1655,1
45,45,2025,1508,1
45,45,2025,1343,1
45,45,2025,1381,1
45,45,2025,1466,1
45,45,2025,1440,1
46,46,2116,1641,1
46,46,2116,1741,1
46,46,2116,1773,1
46,46,2116,1930,1
46,46,2116,1462,1
46,46,2116,1544,1
46,46,2116,1790,1
46,46,2116,1359,1
46,46,2116,1685,1
46,46,2116,1672,1
46,46,2116,1860,1
46,46,2116,1273,1
46,46,2116,1676,1
46,46,2116,1261,1
46,46,2116,1845,1
46,46,2116,1538,1
46,46,2116,1624,1
46,46,2116,1614,1
46,46,2116,1345,1
46,46,2116,1262,1
46,46,2116,1424,1
46,46,2116,1399,1
46,46,2116,1155,1
46,46,2116,1924,1
46,46,2116,1791,1
46,46,2116,1398,1
46,46,2116,1290,1
46,46,2116,1811,1
46,46,2116,1524,1
46,46,2116,1630,1
46,46,2116,1721,1
46,46,2116,1851,1
46,46,2116,1666,1
46,46,2116,1765,1
46,46,2116,2014,1
46,46,2116,1281,1
46,46,2116,1487,1
46,46,2116,1485,1
46,46,2116,2353,1
46,46,2116,1552,1
46,46,2116,1495,1
46,46,2116,1823,1
46,46,2116,1675,1
46,46,2116,1864,1
46,46,2116,1523,1
46,46,2116,1535,1
46,46,2116,1566,1
46,46,2116,1429,1
46,46,2116,1381,1
46,46,2116,1296,1
46,46,2116,1724,1
46,46,2116,1847,1
46,46,2116,1561,1
46,46,2116,1464,1
46,46,2116,1442,1
46,46,2116,1437,1
46,46,2116,1471,1
46,46,2116,1495,1
46,46,2116,1777,1
46,46,2116,1929,1
46,46,2116,1654,1
46,46,2116,1440,1
46,46,2116,1390,1
46,46,2116,1676,1
46,46,2116,1594,1
46,46,2116,1821,1
46,46,2116,1662,1
46,46,2116,1578,1
46,46,2116,2132,1
46,46,2116,1660,1
46,46,2116,1336,1
46,46,2116,1438,1
46,46,2116,1530,1
46,46,2116,2170,1
46,46,2116,1319,1
46,46,2116,1781,1
46,46,2116,1627,1
46,46,2116,1233,1
46,46,2116,1507,1
46,46,2116,1450,1
46,46,2116,1553,1
46,46,2116,2162,1
46,46,2116,1639,1
46,46,2116,1869,1
46,46,2116,1472,1
46,46,2116,1611,1
46,46,2116,2130,1
46,46,2116,1089,1
46,46,2116,1496,1
46,46,2116,1998,1
46,46,2116,1688,1
46,46,2116,1672,1
46,46,2116,2188,1
46,46,2116,1473,1
46,46,2116,2152,1
46,46,2116,1843,1
46,46,2116,1682,1
46,46,2116,1183,1
46,46,2116,1486,1
46,46,2116,1741,1
47,47,2209,1980,1
47,47,2209,1631,1
47,47,2209,1325,1
47,47,2209,1656,1
47,47,2209,1761,1
47,47,2209,1710,1
47,47,2209,1477,1
47,47,2209,1850,1
47,47,2209,1599,1
47,47,2209,1648,1
47,47,2209,1630,1
47,47,2209,1112,1
47,47,2209,1742,1
47,47,2209,1616,1
47,47,2209,1549,1
47,47,2209,1256,1
47,47,2209,1868,1
47,47,2209,1972,1
47,47,2209,1275,1
47,47,2209,1286,1
47,47,2209,1775,1
47,47,2209,1849,1
47,47,2209,1251,1
47,47,2209,2071,1
47,47,2209,1514,1
47,47,2209,1703,1
47,47,2209,1513,1
47,47,2209,1566,1
47,47,2209,1734,1
47,47,2209,1600,1
47,47,2209,1939,1
47,47,2209,1853,1
47,47,2209,1744,1
47,47,2209,1412,1
47,47,2209,1957,1
47,47,2209,1051,1
47,47,2209,1413,1
47,47,2209,1615,1
47,47,2209,1527,1
47,47,2209,1569,1
47,47,2209,1450,1
47,47,2209,1537,1
47,47,2209,1306,1
47,47,2209,1301,1
47,47,2209,1772,1
47,47,2209,1360,1
47,47,2209,1448,1
47,47,2209,1700,1
47,47,2209,1460,1
47,47,2209,1842,1
47,47,2209,1623,1
47,47,2209,1661,1
47,47,2209,1761,1
47,47,2209,1566,1
47,47,2209,1835,1
47,47,2209,1357,1
47,47,2209,1382,1
47,47,2209,1291,1
47,47,2209,1835,1
47,47,2209,2176,1
47,47,2209,1563,1
47,47,2209,1208,1
47,47,2209,1872,1
47,47,2209,1640,1
47,47,2209,1632,1
47,47,2209,1733,1
47,47,2209,1659,1
47,47,2209,1784,1
47,47,2209,1565,1
47,47,2209,1809,1
47,47,2209,1360,1
47,47,2209,1482,1
47,47,2209,1959,1
47,47,2209,1411,1
47,47,2209,1624,1
47,47,2209,1588,1
47,47,2209,1679,1
47,47,2209,1910,1
47,47,2209,1408,1
47,47,2209,1241,1
47,47,2209,1339,1
47,47,2209,2242,1
47,47,2209,1456,1
47,47,2209,2401,1
47,47,2209,1603,1
47,47,2209,1394,1
47,47,2209,1886,1
47,47,2209,1860,1
47,47,2209,1681,1
47,47,2209,1921,1
47,47,2209,2101,1
47,47,2209,1579,1
47,47,2209,2403,1
47,47,2209,1598,1
47,47,2209,2025,1
47,47,2209,1678,1
47,47,2209,1431,1
47,47,2209,1368,1
47,47,2209,2087,1
47,47,2209,2210,1
48,48,2304,1655,1
48,48,2304,1434,1
48,48,2304,1338,1
48,48,2304,1476,1
48,48,2304,1896,1
48,48,2304,1255,1
48,48,2304,2131,1
48,48,2304,1362,1
48,48,2304,2024,1
48,48,2304,1809,1
48,48,2304,1992,1
48,48,2304,1756,1
48,48,2304,1763,1
48,48,2304,1555,1
48,48,2304,1513,1
48,48,2304,1933,1
48,48,2304,1566,1
48,48,2304,1764,1
48,48,2304,2141,1
48,48,2304,1918,1
48,48,2304,1492,1
48,48,2304,2215,1
48,48,2304,1915,1
48,48,2304,1886,1
48,48,2304,1533,1
48,48,2304,1351,1
48,48,2304,1348,1
48,48,2304,1311,1
48,48,2304,1769,1
48,48,2304,1803,1
48,48,2304,1670,1
48,48,2304,1793,1
48,48,2304,1954,1
48,48,2304,1402,1
48,48,2304,1738,1
48,48,2304,1342,1
48,48,2304,1763,1
48,48,2304,1819,1
48,48,2304,1861,1
48,48,2304,1882,1
48,48,2304,1414,1
48,48,2304,1917,1
48,48,2304,2174,1
48,48,2304,1558,1
48,48,2304,2069,1
48,48,2304,1387,1
48,48,2304,1701,1
48,48,2304,1635,1
48,48,2304,1360,1
48,48,2304,1579,1
48,48,2304,1820,1
48,48,2304,1927,1
48,48,2304,1689,1
48,48,2304,1496,1
48,48,2304,1724,1
48,48,2304,1949,1
48,48,2304,1654,1
48,48,2304,2067,1
48,48,2304,1507,1
48,48,2304,1742,1
48,48,2304,1682,1
48,48,2304,1972,1
48,48,2304,2162,1
48,48,2304,1731,1
48,48,2304,1957,1
48,48,2304,2064,1
48,48,2304,1657,1
48,48,2304,1756,1
48,48,2304,1241,1
48,48,2304,1725,1
48,48,2304,1395,1
48,48,2304,1464,1
48,48,2304,1660,1
48,48,2304,1541,1
48,48,2304,2020,1
48,48,2304,1455,1
48,48,2304,1564,1
48,48,2304,1552,1
48,48,2304,1671,1
48,48,2304,1773,1
48,48,2304,1571,1
48,48,2304,1385,1
48,48,2304,1641,1
48,48,2304,1728,1
48,48,2304,1442,1
48,48,2304,1133,1
48,48,2304,1740,1
48,48,2304,1952,1
48,48,2304,1458,1
48,48,2304,1270,1
48,48,2304,1770,1
48,48,2304,1571,1
48,48,2304,2090,1
48,48,2304,1820,1
48,48,2304,1663,1
48,48,2304,1890,1
48,48,2304,1431,1
48,48,2304,1395,1
48,48,2304,1633,1
48,48,2304,1504,1
49,49,2401,1845,1
49,49,2401,1916,1
49,49,2401,1884,1
49,49,2401,2108,1
49,49,2401,1423,1
49,49,2401,1981,1
49,49,2401,2126,1
49,49,2401,1640,1
49,49,2401,1895,1
49,49,2401,1637,1
49,49,2401,2312,1
49,49,2401,1642,1
49,49,2401,2017,1
49,49,2401,2150,1
49,49,2401,1861,1
49,49,2401,1603,1
49,49,2401,1545,1
49,49,2401,1810,1
49,49,2401,1519,1
49,49,2401,1546,1
49,49,2401,1939,1
49,49,2401,1661,1
49,49,2401,1788,1
49,49,2401,1475,1
49,49,2401,1971,1
49,49,2401,2456,1
49,49,2401,1491,1
49,49,2401,1840,1
49,49,2401,2235,1
49,49,2401,1956,1
49,49,2401,2127,1
49,49,2401,1781,1
49,49,2401,1322,1
49,49,2401,1529,1
49,49,2401,1565,1
49,49,2401,1583,1
49,49,2401,1847,1
49,49,2401,1855,1
49,49,2401,1350,1
49,49,2401,1429,1
49,49,2401,2436,1
49,49,2401,1951,1
49,49,2401,1638,1
49,49,2401,1151,1
49,49,2401,1806,1
49,49,2401,1589,1
49,49,2401,1768,1
49,49,2401,1805,1
49,49,2401,2105,1
49,49,2401,1806,1
49,49,2401,2229,1
49,49,2401,1417,1
49,49,2401,1684,1
49,49,2401,1526,1
49,49,2401,1925,1
49,49,2401,1581,1
49,49,2401,1505,1
49,49,2401,1646,1
49,49,2401,1637,1
49,49,2401,1641,1
49,49,2401,1910,1
49,49,2401,2235,1
49,49,2401,1892,1
49,49,2401,1823,1
49,49,2401,1562,1
49,49,2401,1884,1
49,49,2401,2722,1
49,49,2401,1659,1
49,49,2401,1669,1
49,49,2401,1701,1
49,49,2401,1773,1
49,49,2401,1705,1
49,49,2401,2158,1
49,49,2401,1806,1
49,49,2401,1183,1
49,49,2401,1722,1
49,49,2401,1820,1
49,49,2401,1438,1
49,49,2401,2021,1
49,49,2401,1928,1
49,49,2401,1695,1
49,49,2401,1708,1
49,49,2401,1898,1
49,49,2401,2265,1
49,49,2401,1977,1
49,49,2401,1655,1
49,49,2401,2324,1
49,49,2401,1892,1
49,49,2401,1754,1
49,49,2401,2002,1
49,49,2401,1779,1
49,49,2401,1254,1
49,49,2401,2035,1
49,49,2401,1646,1
49,49,2401,2224,1
49,49,2401,2063,1
49,49,2401,1361,1
49,49,2401,2112,1
49,49,2401,1872,1
49,49,2401,2502,1
50,50,2500,1942,1
50,50,2500,1728,1
50,50,2500,1355,1
50,50,2500,2101,1
50,50,2500,2235,1
50,50,2500,1699,1
50,50,2500,1896,1
50,50,2500,1793,1
50,50,2500,1853,1
50,50,2500,2005,1
50,50,2500,2239,1
50,50,2500,2043,1
50,50,2500,1983,1
50,50,2500,2053,1
50,50,2500,1739,1
50,50,2500,2028,1
50,50,2500,2928,1
50,50,2500,1836,1
50,50,2500,2443,1
50,50,2500,1889,1
50,50,2500,1642,1
50,50,2500,1494,1
50,50,2500,2032,1
50,50,2500,1898,1
50,50,2500,1800,1
50,50,2500,1634,1
50,50,2500,1443,1
50,50,2500,1989,1
50,50,2500,1627,1
50,50,2500,2104,1
50,50,2500,1922,1
50,50,2500,2142,1
50,50,2500,1651,1
50,50,2500,1813,1
50,50,2500,1920,1
50,50,2500,1834,1
50,50,2500,1251,1
50,50,2500,1835,1
50,50,2500,1715,1
50,50,2500,1871,1
50,50,2500,2143,1
50,50,2500,1745,1
50,50,2500,1977,1
50,50,2500,1682,1
50,50,2500,1601,1
50,50,2500,1972,1
50,50,2500,1679,1
50,50,2500,2513,1
50,50,2500,1721,1
50,50,2500,1608,1
50,50,2500,2056,1
50,50,2500,1815,1
50,50,2500,1942,1
50,50,2500,1884,1
50,50,2500,2351,1
50,50,2500,1802,1
50,50,2500,2031,1
50,50,2500,1713,1
50,50,2500,2130,1
50,50,2500,1722,1
50,50,2500,1616,1
50,50,2500,1790,1
50,50,2500,1933,1
50,50,2500,2107,1
50,50,2500,1915,1
50,50,2500,2261,1
50,50,2500,1659,1
50,50,2500,1758,1
50,50,2500,2366,1
50,50,2500,1434,1
50,50,2500,1729,1
50,50,2500,1876,1
50,50,2500,1780,1
50,50,2500,1920,1
50,50,2500,1706,1
50,50,2500,1764,1
50,50,2500,1880,1
50,50,2500,1815,1
50,50,2500,1726,1
50,50,2500,1893,1
50,50,2500,1778,1
50,50,2500,2007,1
50,50,2500,1994,1
50,50,2500,1552,1
50,50,2500,1756,1
50,50,2500,1606,1
50,50,2500,1898,1
50,50,2500,1612,1
50,50,2500,2291,1
50,50,2500,2642,1
50,50,2500,1261,1
50,50,2500,1498,1
50,50,2500,1860,1
50,50,2500,2181,1
50,50,2500,2020,1
50,50,2500,1619,1
50,50,2500,2082,1
50,50,2500,1716,1
50,50,2500,1802,1
50,50,2500,2159,1
51,51,2601,2073,1
51,51,2601,1815,1
51,51,2601,1931,1
51,51,2601,1925,1
51,51,2601,1987,1
51,51,2601,1993,1
51,51,2601,2373,1
51,51,2601,2089,1
51,51,2601,1922,1
51,51,2601,2292,1
51,51,2601,2412,1
51,51,2601,2064,1
51,51,2601,1593,1
51,51,2601,2264,1
51,51,2601,1646,1
51,51,2601,1829,1
51,51,2601,2113,1
51,51,2601,2242,1
51,51,2601,2094,1
51,51,2601,2060,1
51,51,2601,1842,1
51,51,2601,2594,1
51,51,2601,1391,1
51,51,2601,2042,1
51,51,2601,2249,1
51,51,2601,2442,1
51,51,2601,2045,1
51,51,2601,1771,1
51,51,2601,1840,1
51,51,2601,1911,1
51,51,2601,1756,1
51,51,2601,1579,1
51,51,2601,1931,1
51,51,2601,1849,1
51,51,2601,1321,1
51,51,2601,1645,1
51,51,2601,1741,1
51,51,2601,2178,1
51,51,2601,2208,1
51,51,2601,1934,1
51,51,2601,2191,1
51,51,2601,1989,1
51,51,2601,1697,1
51,51,2601,2142,1
51,51,2601,2198,1
51,51,2601,2125,1
51,51,2601,2205,1
51,51,2601,1871,1
51,51,2601,1582,1
51,51,2601,1506,1
51,51,2601,1972,1
51,51,2601,1585,1
51,51,2601,2022,1
51,51,2601,1872,1
51,51,2601,1739,1
51,51,2601,1991,1
51,51,2601,1710,1
51,51,2601,1627,1
51,51,2601,2100,1
51,51,2601,2118,1
51,51,2601,1991,1
51,51,2601,1841,1
51,51,2601,2053,1
51,51,2601,1969,1
51,51,2601,1685,1
51,51,2601,1175,1
51,51,2601,1866,1
51,51,2601,1670,1
51,51,2601,1749,1
51,51,2601,2027,1
51,51,2601,1717,1
51,51,2601,2140,1
51,51,2601,1972,1
51,51,2601,1638,1
51,51,2601,2004,1
51,51,2601,2041,1
51,51,2601,2007,1
51,51,2601,1809,1
51,51,2601,2211,1
51,51,2601,2199,1
51,51,2601,1748,1
51,51,2601,1908,1
51,51,2601,1561,1
51,51,2601,1692,1
51,51,2601,1614,1
51,51,2601,1961,1
51,51,2601,1507,1
51,51,2601,2145,1
51,51,2601,1885,1
51,51,2601,2143,1
51,51,2601,2305,1
51,51,2601,2169,1
51,51,2601,2165,1
51,51,2601,2075,1
51,51,2601,2310,1
51,51,2601,1895,1
51,51,2601,1742,1
51,51,2601,1839,1
51,51,2601,1769,1
51,51,2601,2029,1
52,52,2704,1884,1
52,52,2704,1787,1
52,52,2704,1833,1
52,52,2704,2143,1
52,52,2704,2075,1
52,52,2704,2121,1
52,52,2704,1831,1
52,52,2704,2225,1
52,52,2704,1973,1
52,52,2704,1734,1
52,52,2704,1453,1
52,52,2704,2480,1
52,52,2704,2054,1
52,52,2704,2071,1
52,52,2704,1797,1
52,52,2704,2210,1
52,52,2704,1881,1
52,52,2704,2139,1
52,52,2704,2152,1
52,52,2704,2165,1
52,52,2704,2394,1
52,52,2704,1597,1
52,52,2704,2973,1
52,52,2704,2192,1
52,52,2704,2610,1
52,52,2704,2268,1
52,52,2704,1956,1
52,52,2704,2262,1
52,52,2704,2010,1
52,52,2704,2112,1
52,52,2704,1839,1
52,52,2704,1667,1
52,52,2704,1957,1
52,52,2704,2464,1
52,52,2704,2037,1
52,52,2704,1883,1
52,52,2704,1817,1
52,52,2704,2552,1
52,52,2704,1784,1
52,52,2704,2635,1
52,52,2704,2009,1
52,52,2704,2103,1
52,52,2704,2173,1
52,52,2704,2302,1
52,52,2704,1745,1
52,52,2704,2273,1
52,52,2704,2277,1
52,52,2704,1805,1
52,52,2704,2334,1
52,52,2704,2074,1
52,52,2704,1545,1
52,52,2704,2234,1
52,52,2704,2052,1
52,52,2704,1714,1
52,52,2704,2094,1
52,52,2704,1721,1
52,52,2704,2044,1
52,52,2704,1919,1
52,52,2704,1765,1
52,52,2704,2254,1
52,52,2704,2008,1
52,52,2704,1702,1
52,52,2704,1756,1
52,52,2704,2872,1
52,52,2704,1752,1
52,52,2704,2205,1
52,52,2704,1877,1
52,52,2704,1880,1
52,52,2704,2325,1
52,52,2704,2452,1
52,52,2704,2271,1
52,52,2704,1728,1
52,52,2704,2311,1
52,52,2704,2222,1
52,52,2704,2056,1
52,52,2704,1868,1
52,52,2704,1892,1
52,52,2704,2010,1
52,52,2704,2425,1
52,52,2704,1863,1
52,52,2704,2356,1
52,52,2704,2611,1
52,52,2704,1892,1
52,52,2704,2012,1
52,52,2704,2076,1
52,52,2704,2181,1
52,52,2704,2098,1
52,52,2704,1635,1
52,52,2704,2212,1
52,52,2704,2315,1
52,52,2704,1973,1
52,52,2704,1930,1
52,52,2704,2178,1
52,52,2704,2130,1
52,52,2704,2745,1
52,52,2704,2144,1
52,52,2704,1961,1
52,52,2704,1517,1
52,52,2704,2206,1
52,52,2704,1915,1
53,53,2809,2146,1
53,53,2809,2485,1
53,53,2809,2087,1
53,53,2809,1994,1
53,53,2809,2118,1
53,53,2809,2867,1
53,53,2809,1734,1
53,53,2809,1756,1
53,53,2809,1829,1
53,53,2809,1850,1
53,53,2809,2276,1
53,53,2809,1797,1
53,53,2809,1918,1
53,53,2809,2556,1
53,53,2809,1685,1
53,53,2809,2163,1
53,53,2809,1671,1
53,53,2809,1995,1
53,53,2809,2117,1
53,53,2809,2218,1
53,53,2809,2232,1
53,53,2809,1605,1
53,53,2809,2089,1
53,53,2809,2376,1
53,53,2809,2186,1
53,53,2809,1865,1
53,53,2809,2210,1
53,53,2809,1843,1
53,53,2809,2330,1
53,53,2809,2181,1
53,53,2809,1724,1
53,53,2809,1860,1
53,53,2809,2524,1
53,53,2809,2157,1
53,53,2809,2329,1
53,53,2809,2279,1
53,53,2809,2198,1
53,53,2809,1826,1
53,53,2809,2233,1
53,53,2809,1375,1
53,53,2809,1759,1
53,53,2809,2297,1
53,53,2809,1992,1
53,53,2809,2238,1
53,53,2809,2028,1
53,53,2809,2504,1
53,53,2809,2284,1
53,53,2809,1859,1
53,53,2809,2274,1
53,53,2809,1960,1
53,53,2809,1462,1
53,53,2809,1450,1
53,53,2809,2115,1
53,53,2809,1865,1
53,53,2809,1819,1
53,53,2809,1943,1
53,53,2809,1781,1
53,53,2809,2436,1
53,53,2809,2030,1
53,53,2809,1919,1
53,53,2809,1973,1
53,53,2809,2070,1
53,53,2809,1960,1
53,53,2809,1981,1
53,53,2809,2031,1
53,53,2809,2624,1
53,53,2809,1846,1
53,53,2809,1874,1
53,53,2809,2185,1
53,53,2809,3045,1
53,53,2809,1817,1
53,53,2809,2405,1
53,53,2809,2142,1
53,53,2809,2250,1
53,53,2809,2287,1
53,53,2809,2718,1
53,53,2809,1851,1
53,53,2809,2134,1
53,53,2809,2300,1
53,53,2809,1856,1
53,53,2809,2079,1
53,53,2809,1964,1
53,53,2809,2323,1
53,53,2809,1686,1
53,53,2809,2293,1
53,53,2809,1929,1
53,53,2809,2202,1
53,53,2809,1503,1
53,53,2809,2041,1
53,53,2809,2449,1
53,53,2809,2019,1
53,53,2809,2500,1
53,53,2809,2332,1
53,53,2809,2311,1
53,53,2809,1777,1
53,53,2809,2208,1
53,53,2809,1937,1
53,53,2809,2071,1
53,53,2809,2167,1
53,53,2809,2203,1
54,54,2916,2226,1
54,54,2916,2738,1
54,54,2916,2454,1
54,54,2916,2277,1
54,54,2916,2141,1
54,54,2916,2471,1
54,54,2916,1979,1
54,54,2916,2420,1
54,54,2916,2190,1
54,54,2916,2293,1
54,54,2916,2613,1
54,54,2916,2020,1
54,54,2916,1972,1
54,54,2916,2185,1
54,54,2916,1866,1
54,54,2916,2154,1
54,54,2916,2361,1
54,54,2916,2354,1
54,54,2916,2414,1
54,54,2916,2536,1
54,54,2916,2518,1
54,54,2916,2443,1
54,54,2916,2302,1
54,54,2916,2451,1
54,54,2916,2205,1
54,54,2916,2374,1
54,54,2916,2378,1
54,54,2916,2066,1
54,54,2916,2240,1
54,54,2916,2189,1
54,54,2916,1903,1
54,54,2916,2278,1
54,54,2916,1349,1
54,54,2916,2439,1
54,54,2916,1898,1
54,54,2916,2012,1
54,54,2916,2133,1
54,54,2916,2675,1
54,54,2916,1995,1
54,54,2916,1940,1
54,54,2916,2126,1
54,54,2916,2240,1
54,54,2916,1872,1
54,54,2916,2443,1
54,54,2916,2233,1
54,54,2916,2073,1
54,54,2916,2438,1
54,54,2916,2558,1
54,54,2916,2360,1
54,54,2916,2164,1
54,54,2916,2672,1
54,54,2916,2401,1
54,54,2916,2843,1
54,54,2916,2785,1
54,54,2916,2617,1
54,54,2916,1946,1
54,54,2916,2430,1
54,54,2916,2005,1
54,54,2916,1656,1
54,54,2916,2144,1
54,54,2916,2055,1
54,54,2916,2054,1
54,54,2916,2771,1
54,54,2916,1758,1
54,54,2916,1987,1
54,54,2916,2732,1
54,54,2916,2191,1
54,54,2916,2125,1
54,54,2916,2261,1
54,54,2916,1632,1
54,54,2916,2343,1
54,54,2916,2431,1
54,54,2916,2309,1
54,54,2916,2088,1
54,54,2916,2517,1
54,54,2916,2497,1
54,54,2916,2303,1
54,54,2916,2087,1
54,54,2916,2488,1
54,54,2916,2029,1
54,54,2916,2165,1
54,54,2916,2072,1
54,54,2916,2623,1
54,54,2916,2350,1
54,54,2916,2444,1
54,54,2916,2149,1
54,54,2916,2446,1
54,54,2916,2154,1
54,54,2916,2424,1
54,54,2916,2832,1
54,54,2916,2237,1
54,54,2916,2118,1
54,54,2916,1888,1
54,54,2916,2307,1
54,54,2916,1872,1
54,54,2916,2081,1
54,54,2916,1850,1
54,54,2916,2315,1
54,54,2916,2426,1
54,54,2916,2564,1
55,55,3025,2413,1
55,55,3025,2109,1
55,55,3025,2158,1
55,55,3025,2875,1
55,55,3025,2788,1
55,55,3025,1739,1
55,55,3025,2038,1
55,55,3025,2740,1
55,55,3025,2201,1
55,55,3025,2623,1
55,55,3025,1867,1
55,55,3025,3060,1
55,55,3025,2193,1
55,55,3025,2141,1
55,55,3025,3151,1
55,55,3025,2220,1
55,55,3025,2346,1
55,55,3025,2195,1
55,55,3025,2187,1
55,55,3025,2498,1
55,55,3025,2311,1
55,55,3025,2237,1
55,55,3025,2336,1
55,55,3025,2371,1
55,55,3025,2401,1
55,55,3025,3096,1
55,55,3025,2262,1
55,55,3025,1859,1
55,55,3025,1827,1
55,55,3025,1988,1
55,55,3025,2432,1
55,55,3025,2370,1
55,55,3025,2939,1
55,55,3025,2531,1
55,55,3025,2100,1
55,55,3025,2231,1
55,55,3025,2644,1
55,55,3025,2191,1
55,55,3025,1907,1
55,55,3025,2267,1
55,55,3025,1895,1
55,55,3025,2486,1
55,55,3025,2815,1
55,55,3025,2190,1
55,55,3025,2345,1
55,55,3025,2088,1
55,55,3025,2680,1
55,55,3025,2185,1
55,55,3025,2144,1
55,55,3025,2316,1
55,55,3025,3035,1
55,55,3025,1885,1
55,55,3025,2044,1
55,55,3025,2247,1
55,55,3025,2243,1
55,55,3025,2843,1
55,55,3025,1985,1
55,55,3025,3273,1
55,55,3025,2219,1
55,55,3025,2764,1
55,55,3025,2283,1
55,55,3025,2428,1
55,55,3025,2561,1
55,55,3025,1570,1
55,55,3025,2249,1
55,55,3025,1880,1
55,55,3025,2170,1
55,55,3025,2638,1
55,55,3025,2367,1
55,55,3025,2726,1
55,55,3025,2749,1
55,55,3025,2363,1
55,55,3025,2268,1
55,55,3025,2172,1
55,55,3025,2282,1
55,55,3025,2158,1
55,55,3025,2463,1
55,55,3025,2053,1
55,55,3025,2154,1
55,55,3025,2673,1
55,55,3025,2902,1
55,55,3025,2907,1
55,55,3025,2180,1
55,55,3025,2465,1
55,55,3025,2025,1
55,55,3025,1917,1
55,55,3025,1839,1
55,55,3025,2837,1
55,55,3025,1794,1
55,55,3025,2325,1
55,55,3025,2017,1
55,55,3025,1967,1
55,55,3025,2001,1
55,55,3025,2542,1
55,55,3025,2280,1
55,55,3025,2363,1
55,55,3025,2371,1
55,55,3025,1880,1
55,55,3025,2162,1
55,55,3025,1734,1
56,56,3136,2840,1
56,56,3136,2420,1
56,56,3136,3060,1
56,56,3136,2556,1
56,56,3136,2873,1
56,56,3136,2459,1
56,56,3136,2518,1
56,56,3136,2754,1
56,56,3136,2855,1
56,56,3136,2068,1
56,56,3136,2415,1
56,56,3136,2039,1
56,56,3136,2648,1
56,56,3136,2271,1
56,56,3136,1692,1
56,56,3136,2834,1
56,56,3136,2143,1
56,56,3136,2034,1
56,56,3136,2788,1
56,56,3136,2910,1
56,56,3136,2299,1
56,56,3136,2289,1
56,56,3136,2183,1
56,56,3136,2224,1
56,56,3136,2356,1
56,56,3136,2657,1
56,56,3136,2043,1
56,56,3136,2655,1
56,56,3136,2888,1
56,56,3136,2078,1
56,56,3136,1933,1
56,56,3136,2558,1
56,56,3136,2847,1
56,56,3136,2137,1
56,56,3136,2263,1
56,56,3136,2183,1
56,56,3136,2349,1
56,56,3136,2908,1
56,56,3136,2602,1
56,56,3136,3428,1
56,56,3136,2253,1
56,56,3136,2702,1
56,56,3136,2247,1
56,56,3136,3159,1
56,56,3136,2366,1
56,56,3136,2043,1
56,56,3136,2320,1
56,56,3136,2321,1
56,56,3136,2395,1
56,56,3136,2996,1
56,56,3136,2082,1
56,56,3136,3255,1
56,56,3136,2999,1
56,56,3136,3009,1
56,56,3136,2600,1
56,56,3136,2184,1
56,56,3136,2881,1
56,56,3136,2214,1
56,56,3136,2066,1
56,56,3136,1947,1
56,56,3136,2253,1
56,56,3136,2666,1
56,56,3136,2509,1
56,56,3136,2453,1
56,56,3136,2583,1
56,56,3136,2370,1
56,56,3136,2199,1
56,56,3136,2354,1
56,56,3136,2308,1
56,56,3136,2725,1
56,56,3136,2772,1
56,56,3136,2985,1
56,56,3136,2517,1
56,56,3136,1909,1
56,56,3136,2608,1
56,56,3136,2262,1
56,56,3136,2702,1
56,56,3136,2224,1
56,56,3136,2430,1
56,56,3136,2695,1
56,56,3136,2696,1
56,56,3136,2015,1
56,56,3136,2681,1
56,56,3136,2224,1
56,56,3136,2597,1
56,56,3136,2869,1
56,56,3136,2640,1
56,56,3136,2977,1
56,56,3136,2323,1
56,56,3136,2145,1
56,56,3136,2300,1
56,56,3136,2170,1
56,56,3136,2469,1
56,56,3136,1956,1
56,56,3136,2387,1
56,56,3136,2394,1
56,56,3136,2084,1
56,56,3136,2753,1
56,56,3136,2446,1
56,56,3136,2359,1
57,57,3249,2331,1
57,57,3249,2411,1
57,57,3249,2361,1
57,57,3249,1982,1
57,57,3249,2779,1
57,57,3249,2590,1
57,57,3249,2558,1
57,57,3249,2859,1
57,57,3249,2659,1
57,57,3249,2497,1
57,57,3249,2374,1
57,57,3249,2236,1
57,57,3249,2192,1
57,57,3249,2452,1
57,57,3249,2326,1
57,57,3249,2224,1
57,57,3249,3027,1
57,57,3249,2488,1
57,57,3249,2994,1
57,57,3249,2503,1
57,57,3249,2800,1
57,57,3249,2025,1
57,57,3249,3056,1
57,57,3249,2331,1
57,57,3249,2711,1
57,57,3249,2251,1
57,57,3249,2702,1
57,57,3249,2393,1
57,57,3249,3011,1
57,57,3249,2423,1
57,57,3249,2381,1
57,57,3249,2298,1
57,57,3249,2334,1
57,57,3249,2458,1
57,57,3249,2948,1
57,57,3249,2693,1
57,57,3249,2681,1
57,57,3249,1917,1
57,57,3249,2837,1
57,57,3249,2518,1
57,57,3249,2958,1
57,57,3249,2781,1
57,57,3249,2591,1
57,57,3249,2508,1
57,57,3249,1767,1
57,57,3249,2049,1
57,57,3249,2303,1
57,57,3249,2023,1
57,57,3249,1948,1
57,57,3249,2219,1
57,57,3249,2761,1
57,57,3249,2689,1
57,57,3249,2876,1
57,57,3249,2215,1
57,57,3249,2725,1
57,57,3249,2136,1
57,57,3249,2514,1
57,57,3249,2384,1
57,57,3249,2305,1
57,57,3249,2892,1
57,57,3249,2776,1
57,57,3249,2609,1
57,57,3249,2568,1
57,57,3249,3107,1
57,57,3249,2300,1
57,57,3249,2734,1
57,57,3249,1877,1
57,57,3249,2110,1
57,57,3249,2304,1
57,57,3249,2022,1
57,57,3249,2748,1
57,57,3249,2203,1
57,57,3249,2639,1
57,57,3249,3222,1
57,57,3249,2434,1
57,57,3249,2306,1
57,57,3249,2175,1
57,57,3249,2801,1
57,57,3249,2461,1
57,57,3249,3053,1
57,57,3249,2468,1
57,57,3249,2669,1
57,57,3249,1931,1
57,57,3249,2481,1
57,57,3249,2011,1
57,57,3249,2609,1
57,57,3249,2678,1
57,57,3249,2602,1
57,57,3249,2443,1
57,57,3249,2743,1
57,57,3249,2406,1
57,57,3249,2826,1
57,57,3249,2741,1
57,57,3249,2561,1
57,57,3249,2756,1
57,57,3249,3115,1
57,57,3249,3401,1
57,57,3249,2245,1
57,57,3249,2365,1
57,57,3249,3129,1
58,58,3364,2632,1
58,58,3364,2561,1
58,58,3364,2962,1
58,58,3364,3385,1
58,58,3364,2419,1
58,58,3364,2848,1
58,58,3364,2517,1
58,58,3364,2308,1
58,58,3364,2425,1
58,58,3364,2660,1
58,58,3364,2927,1
58,58,3364,2891,1
58,58,3364,2374,1
58,58,3364,2827,1
58,58,3364,2446,1
58,58,3364,2733,1
58,58,3364,3156,1
58,58,3364,2740,1
58,58,3364,2390,1
58,58,3364,2530,1
58,58,3364,2517,1
58,58,3364,2685,1
58,58,3364,2850,1
58,58,3364,2622,1
58,58,3364,2253,1
58,58,3364,2041,1
58,58,3364,2693,1
58,58,3364,2928,1
58,58,3364,2658,1
58,58,3364,2944,1
58,58,3364,2150,1
58,58,3364,2609,1
58,58,3364,3252,1
58,58,3364,2689,1
58,58,3364,2530,1
58,58,3364,2538,1
58,58,3364,2750,1
58,58,3364,2695,1
58,58,3364,2338,1
58,58,3364,2235,1
58,58,3364,2942,1
58,58,3364,2912,1
58,58,3364,2565,1
58,58,3364,3037,1
58,58,3364,2637,1
58,58,3364,2659,1
58,58,3364,2234,1
58,58,3364,1833,1
58,58,3364,3485,1
58,58,3364,2733,1
58,58,3364,2636,1
58,58,3364,2851,1
58,58,3364,3004,1
58,58,3364,2432,1
58,58,3364,2233,1
58,58,3364,2579,1
58,58,3364,2537,1
58,58,3364,2921,1
58,58,3364,2748,1
58,58,3364,2393,1
58,58,3364,2877,1
58,58,3364,2881,1
58,58,3364,2664,1
58,58,3364,2951,1
58,58,3364,2674,1
58,58,3364,2134,1
58,58,3364,2254,1
58,58,3364,2384,1
58,58,3364,2562,1
58,58,3364,2653,1
58,58,3364,3244,1
58,58,3364,2387,1
58,58,3364,2654,1
58,58,3364,2614,1
58,58,3364,2987,1
58,58,3364,2652,1
58,58,3364,2428,1
58,58,3364,2734,1
58,58,3364,2481,1
58,58,3364,2725,1
58,58,3364,2564,1
58,58,3364,3092,1
58,58,3364,2761,1
58,58,3364,2955,1
58,58,3364,2404,1
58,58,3364,2858,1
58,58,3364,2377,1
58,58,3364,2715,1
58,58,3364,2648,1
58,58,3364,2614,1
58,58,3364,2786,1
58,58,3364,2492,1
58,58,3364,2527,1
58,58,3364,2444,1
58,58,3364,2690,1
58,58,3364,2910,1
58,58,3364,2485,1
58,58,3364,2616,1
58,58,3364,2599,1
58,58,3364,2227,1
59,59,3481,2390,1
59,59,3481,2838,1
59,59,3481,2419,1
59,59,3481,2781,1
59,59,3481,2514,1
59,59,3481,2744,1
59,59,3481,3023,1
59,59,3481,2854,1
59,59,3481,3011,1
59,59,3481,3068,1
59,59,3481,2187,1
59,59,3481,2346,1
59,59,3481,2666,1
59,59,3481,2423,1
59,59,3481,2553,1
59,59,3481,2809,1
59,59,3481,2593,1
59,59,3481,2996,1
59,59,3481,2613,1
59,59,3481,3016,1
59,59,3481,3669,1
59,59,3481,2731,1
59,59,3481,2899,1
59,59,3481,2453,1
59,59,3481,2187,1
59,59,3481,3243,1
59,59,3481,3039,1
59,59,3481,2650,1
59,59,3481,3021,1
59,59,3481,3289,1
59,59,3481,2436,1
59,59,3481,2583,1
59,59,3481,2820,1
59,59,3481,2655,1
59,59,3481,1950,1
59,59,3481,2719,1
59,59,3481,2795,1
59,59,3481,2689,1
59,59,3481,2689,1
59,59,3481,3248,1
59,59,3481,2240,1
59,59,3481,2597,1
59,59,3481,2783,1
59,59,3481,2533,1
59,59,3481,2714,1
59,59,3481,2403,1
59,59,3481,2323,1
59,59,3481,2142,1
59,59,3481,2910,1
59,59,3481,2712,1
59,59,3481,2342,1
59,59,3481,2475,1
59,59,3481,1927,1
59,59,3481,2371,1
59,59,3481,3839,1
59,59,3481,2556,1
59,59,3481,2428,1
59,59,3481,2995,1
59,59,3481,2868,1
59,59,3481,2157,1
59,59,3481,2955,1
59,59,3481,2225,1
59,59,3481,2406,1
59,59,3481,2287,1
59,59,3481,3092,1
59,59,3481,2888,1
59,59,3481,2945,1
59,59,3481,2557,1
59,59,3481,3098,1
59,59,3481,3234,1
59,59,3481,2361,1
59,59,3481,2749,1
59,59,3481,2748,1
59,59,3481,2794,1
59,59,3481,2853,1
59,59,3481,2728,1
59,59,3481,3209,1
59,59,3481,3592,1
59,59,3481,2523,1
59,59,3481,2565,1
59,59,3481,2568,1
59,59,3481,2868,1
59,59,3481,2478,1
59,59,3481,2591,1
59,59,3481,3138,1
59,59,3481,2448,1
59,59,3481,2650,1
59,59,3481,3024,1
59,59,3481,2788,1
59,59,3481,3371,1
59,59,3481,2430,1
59,59,3481,2321,1
59,59,3481,2656,1
59,59,3481,2594,1
59,59,3481,2408,1
59,59,3481,2466,1
59,59,3481,3357,1
59,59,3481,3295,1
59,59,3481,2304,1
59,59,3481,2558,1
60,60,3600,2775,1
60,60,3600,2415,1
60,60,3600,3092,1
60,60,3600,2684,1
60,60,3600,2732,1
60,60,3600,3355,1
60,60,3600,3340,1
60,60,3600,2467,1
60,60,3600,3376,1
60,60,3600,2595,1
60,60,3600,2839,1
60,60,3600,2363,1
60,60,3600,2736,1
60,60,3600,2717,1
60,60,3600,2546,1
60,60,3600,2406,1
60,60,3600,3003,1
60,60,3600,2703,1
60,60,3600,2757,1
60,60,3600,3021,1
60,60,3600,2541,1
60,60,3600,3189,1
60,60,3600,2412,1
60,60,3600,2747,1
60,60,3600,3122,1
60,60,3600,3016,1
60,60,3600,2866,1
60,60,3600,2370,1
60,60,3600,2631,1
60,60,3600,2977,1
60,60,3600,2343,1
60,60,3600,2191,1
60,60,3600,3161,1
60,60,3600,3221,1
60,60,3600,3322,1
60,60,3600,3069,1
60,60,3600,3008,1
60,60,3600,2689,1
60,60,3600,2580,1
60,60,3600,1985,1
60,60,3600,3129,1
60,60,3600,3250,1
60,60,3600,2410,1
60,60,3600,2366,1
60,60,3600,2818,1
60,60,3600,3132,1
60,60,3600,2868,1
60,60,3600,3113,1
60,60,3600,2725,1
60,60,3600,2824,1
60,60,3600,2463,1
60,60,3600,3480,1
60,60,3600,2649,1
60,60,3600,2719,1
60,60,3600,2877,1
60,60,3600,2677,1
60,60,3600,2965,1
60,60,3600,3028,1
60,60,3600,3531,1
60,60,3600,2496,1
60,60,3600,2602,1
60,60,3600,3017,1
60,60,3600,3069,1
60,60,3600,3080,1
60,60,3600,2555,1
60,60,3600,2742,1
60,60,3600,3275,1
60,60,3600,2744,1
60,60,3600,2597,1
60,60,3600,3034,1
60,60,3600,3050,1
60,60,3600,2791,1
60,60,3600,2953,1
60,60,3600,4065,1
60,60,3600,2579,1
60,60,3600,2791,1
60,60,3600,2884,1
60,60,3600,2932,1
60,60,3600,2831,1
60,60,3600,3564,1
60,60,3600,2609,1
60,60,3600,3201,1
60,60,3600,2712,1
60,60,3600,3245,1
60,60,3600,3122,1
60,60,3600,2405,1
60,60,3600,2689,1
60,60,3600,3143,1
60,60,3600,2537,1
60,60,3600,3416,1
60,60,3600,2990,1
60,60,3600,2314,1
60,60,3600,2332,1
60,60,3600,2911,1
60,60,3600,2778,1
60,60,3600,2502,1
60,60,3600,2890,1
60,60,3600,3050,1
60,60,3600,2593,1
60,60,3600,3550,1
61,61,3721,2268,1
61,61,3721,2194,1
61,61,3721,2667,1
61,61,3721,2395,1
61,61,3721,3079,1
61,61,3721,2993,1
61,61,3721,3750,1
61,61,3721,2426,1
61,61,3721,2614,1
61,61,3721,3010,1
61,61,3721,2852,1
61,61,3721,3409,1
61,61,3721,2533,1
61,61,3721,2866,1
61,61,3721,3394,1
61,61,3721,2517,1
61,61,3721,2973,1
61,61,3721,2366,1
61,61,3721,2660,1
61,61,3721,2582,1
61,61,3721,2987,1
61,61,3721,2748,1
61,61,3721,2756,1
61,61,3721,2846,1
61,61,3721,2509,1
61,61,3721,3197,1
61,61,3721,2002,1
61,61,3721,3518,1
61,61,3721,2957,1
61,61,3721,2756,1
61,61,3721,2401,1
61,61,3721,3343,1
61,61,3721,2222,1
61,61,3721,3329,1
61,61,3721,3880,1
61,61,3721,2641,1
61,61,3721,2304,1
61,61,3721,3717,1
61,61,3721,2677,1
61,61,3721,2565,1
61,61,3721,3275,1
61,61,3721,3636,1
61,61,3721,2599,1
61,61,3721,3070,1
61,61,3721,3273,1
61,61,3721,2503,1
61,61,3721,2408,1
61,61,3721,2970,1
61,61,3721,3453,1
61,61,3721,2201,1
61,61,3721,2602,1
61,61,3721,2747,1
61,61,3721,2723,1
61,61,3721,3331,1
61,61,3721,2874,1
61,61,3721,2994,1
61,61,3721,3127,1
61,61,3721,3376,1
61,61,3721,2731,1
61,61,3721,2471,1
61,61,3721,2731,1
61,61,3721,2625,1
61,61,3721,3443,1
61,61,3721,3150,1
61,61,3721,3064,1
61,61,3721,2816,1
61,61,3721,3145,1
61,61,3721,2825,1
61,61,3721,3886,1
61,61,3721,3037,1
61,61,3721,3472,1
61,61,3721,3053,1
61,61,3721,2293,1
61,61,3721,2253,1
61,61,3721,3004,1
61,61,3721,2846,1
61,61,3721,2732,1
61,61,3721,2828,1
61,61,3721,2981,1
61,61,3721,3548,1
61,61,3721,2608,1
61,61,3721,2576,1
61,61,3721,3527,1
61,61,3721,2780,1
61,61,3721,2483,1
61,61,3721,2464,1
61,61,3721,2569,1
61,61,3721,2589,1
61,61,3721,2829,1
61,61,3721,3339,1
61,61,3721,2913,1
61,61,3721,3098,1
61,61,3721,2777,1
61,61,3721,3004,1
61,61,3721,3590,1
61,61,3721,3194,1
61,61,3721,2808,1
61,61,3721,3023,1
61,61,3721,3661,1
61,61,3721,2707,1
62,62,3844,3345,1
62,62,3844,2879,1
62,62,3844,3063,1
62,62,3844,3570,1
62,62,3844,2658,1
62,62,3844,3340,1
62,62,3844,3402,1
62,62,3844,2975,1
62,62,3844,2610,1
62,62,3844,2376,1
62,62,3844,3177,1
62,62,3844,3732,1
62,62,3844,3415,1
62,62,3844,3378,1
62,62,3844,3302,1
62,62,3844,2396,1
62,62,3844,3198,1
62,62,3844,2424,1
62,62,3844,2746,1
62,62,3844,3195,1
62,62,3844,3749,1
62,62,3844,3022,1
62,62,3844,2709,1
62,62,3844,2962,1
62,62,3844,3641,1
62,62,3844,3292,1
62,62,3844,2983,1
62,62,3844,2815,1
62,62,3844,2704,1
62,62,3844,2555,1
62,62,3844,3580,1
62,62,3844,3491,1
62,62,3844,2708,1
62,62,3844,3602,1
62,62,3844,2406,1
62,62,3844,2611,1
62,62,3844,3271,1
62,62,3844,2499,1
62,62,3844,2902,1
62,62,3844,3719,1
62,62,3844,2757,1
62,62,3844,3157,1
62,62,3844,3067,1
62,62,3844,3439,1
62,62,3844,2930,1
62,62,3844,3315,1
62,62,3844,3441,1
62,62,3844,3121,1
62,62,3844,3151,1
62,62,3844,2725,1
62,62,3844,3083,1
62,62,3844,3731,1
62,62,3844,3073,1
62,62,3844,3065,1
62,62,3844,3165,1
62,62,3844,3685,1
62,62,3844,3225,1
62,62,3844,3488,1
62,62,3844,2726,1
62,62,3844,3171,1
62,62,3844,3713,1
62,62,3844,3357,1
62,62,3844,3476,1
62,62,3844,2959,1
62,62,3844,2913,1
62,62,3844,2993,1
62,62,3844,3031,1
62,62,3844,2796,1
62,62,3844,4167,1
62,62,3844,3124,1
62,62,3844,3699,1
62,62,3844,2489,1
62,62,3844,3165,1
62,62,3844,3384,1
62,62,3844,3516,1
62,62,3844,2738,1
62,62,3844,3101,1
62,62,3844,2868,1
62,62,3844,3072,1
62,62,3844,2857,1
62,62,3844,2879,1
62,62,3844,3631,1
62,62,3844,3550,1
62,62,3844,2779,1
62,62,3844,2693,1
62,62,3844,2817,1
62,62,3844,2787,1
62,62,3844,3308,1
62,62,3844,2438,1
62,62,3844,3503,1
62,62,3844,3273,1
62,62,3844,2792,1
62,62,3844,3729,1
62,62,3844,2361,1
62,62,3844,3518,1
62,62,3844,3058,1
62,62,3844,2783,1
62,62,3844,3534,1
62,62,3844,3198,1
62,62,3844,3270,1
63,63,3969,3083,1
63,63,3969,3140,1
63,63,3969,3166,1
63,63,3969,2705,1
63,63,3969,3076,1
63,63,3969,2874,1
63,63,3969,2499,1
63,63,3969,4338,1
63,63,3969,3136,1
63,63,3969,3057,1
63,63,3969,3744,1
63,63,3969,2685,1
63,63,3969,3085,1
63,63,3969,3619,1
63,63,3969,2619,1
63,63,3969,3221,1
63,63,3969,2833,1
63,63,3969,2673,1
63,63,3969,2910,1
63,63,3969,3442,1
63,63,3969,2964,1
63,63,3969,3079,1
63,63,3969,3569,1
63,63,3969,3238,1
63,63,3969,2963,1
63,63,3969,2646,1
63,63,3969,3139,1
63,63,3969,2780,1
63,63,3969,3126,1
63,63,3969,3388,1
63,63,3969,3616,1
63,63,3969,3459,1
63,63,3969,2447,1
63,63,3969,2946,1
63,63,3969,3566,1
63,63,3969,3722,1
63,63,3969,2886,1
63,63,3969,3369,1
63,63,3969,2708,1
63,63,3969,3384,1
63,63,3969,2621,1
63,63,3969,2993,1
63,63,3969,3354,1
63,63,3969,3036,1
63,63,3969,2794,1
63,63,3969,3171,1
63,63,3969,3293,1
63,63,3969,2821,1
63,63,3969,3447,1
63,63,3969,2843,1
63,63,3969,2824,1
63,63,3969,3278,1
63,63,3969,3132,1
63,63,3969,2800,1
63,63,3969,2932,1
63,63,3969,3090,1
63,63,3969,3025,1
63,63,3969,3315,1
63,63,3969,3097,1
63,63,3969,3029,1
63,63,3969,2440,1
63,63,3969,3155,1
63,63,3969,3211,1
63,63,3969,2601,1
63,63,3969,2983,1
63,63,3969,2644,1
63,63,3969,3273,1
63,63,3969,2813,1
63,63,3969,3327,1
63,63,3969,2546,1
63,63,3969,2594,1
63,63,3969,3338,1
63,63,3969,3231,1
63,63,3969,2782,1
63,63,3969,2853,1
63,63,3969,3023,1
63,63,3969,3227,1
63,63,3969,2795,1
63,63,3969,3131,1
63,63,3969,2593,1
63,63,3969,3846,1
63,63,3969,2611,1
63,63,3969,3191,1
63,63,3969,2885,1
63,63,3969,2883,1
63,63,3969,3335,1
63,63,3969,3426,1
63,63,3969,2837,1
63,63,3969,4304,1
63,63,3969,3813,1
63,63,3969,4110,1
63,63,3969,3186,1
63,63,3969,2558,1
63,63,3969,2786,1
63,63,3969,2434,1
63,63,3969,3821,1
63,63,3969,3375,1
63,63,3969,2746,1
63,63,3969,3381,1
63,63,3969,2845,1
64,64,4096,3434,1
64,64,4096,4050,1
64,64,4096,2985,1
64,64,4096,3017,1
64,64,4096,3106,1
64,64,4096,3155,1
64,64,4096,3134,1
64,64,4096,4183,1
64,64,4096,2719,1
64,64,4096,2817,1
64,64,4096,3586,1
64,64,4096,2827,1
64,64,4096,2522,1
64,64,4096,2996,1
64,64,4096,3687,1
64,64,4096,3566,1
64,64,4096,3611,1
64,64,4096,4181,1
64,64,4096,3166,1
64,64,4096,3303,1
64,64,4096,3119,1
64,64,4096,3209,1
64,64,4096,3204,1
64,64,4096,3569,1
64,64,4096,3391,1
64,64,4096,2899,1
64,64,4096,2890,1
64,64,4096,2578,1
64,64,4096,3424,1
64,64,4096,3700,1
64,64,4096,3011,1
64,64,4096,3296,1
64,64,4096,2806,1
64,64,4096,3257,1
64,64,4096,3240,1
64,64,4096,2764,1
64,64,4096,3377,1
64,64,4096,3680,1
64,64,4096,4368,1
64,64,4096,2645,1
64,64,4096,2595,1
64,64,4096,2467,1
64,64,4096,3482,1
64,64,4096,3068,1
64,64,4096,3070,1
64,64,4096,4113,1
64,64,4096,2895,1
64,64,4096,2766,1
64,64,4096,2569,1
64,64,4096,3442,1
64,64,4096,2890,1
64,64,4096,3226,1
64,64,4096,2886,1
64,64,4096,3629,1
64,64,4096,4033,1
64,64,4096,3358,1
64,64,4096,3122,1
64,64,4096,3106,1
64,64,4096,3342,1
64,64,4096,3439,1
64,64,4096,2844,1
64,64,4096,3529,1
64,64,4096,3358,1
64,64,4096,3082,1
64,64,4096,3656,1
64,64,4096,3171,1
64,64,4096,3184,1
64,64,4096,3330,1
64,64,4096,3597,1
64,64,4096,3858,1
64,64,4096,2597,1
64,64,4096,3951,1
64,64,4096,3225,1
64,64,4096,4365,1
64,64,4096,2805,1
64,64,4096,3357,1
64,64,4096,2514,1
64,64,4096,2856,1
64,64,4096,3693,1
64,64,4096,3666,1
64,64,4096,3062,1
64,64,4096,2910,1
64,64,4096,4372,1
64,64,4096,3761,1
64,64,4096,2986,1
64,64,4096,2932,1
64,64,4096,3170,1
64,64,4096,3438,1
64,64,4096,3540,1
64,64,4096,3596,1
64,64,4096,3471,1
64,64,4096,3059,1
64,64,4096,2967,1
64,64,4096,3420,1
64,64,4096,3808,1
64,64,4096,2965,1
64,64,4096,2658,1
64,64,4096,3271,1
64,64,4096,3296,1
64,64,4096,4118,1
65,65,4225,2838,1
65,65,4225,3536,1
65,65,4225,3492,1
65,65,4225,3136,1
65,65,4225,3750,1
65,65,4225,2839,1
65,65,4225,4375,1
65,65,4225,3085,1
65,65,4225,3133,1
65,65,4225,3575,1
65,65,4225,3015,1
65,65,4225,3343,1
65,65,4225,2584,1
65,65,4225,2851,1
65,65,4225,3425,1
65,65,4225,3820,1
65,65,4225,3538,1
65,65,4225,3352,1
65,65,4225,3464,1
65,65,4225,2706,1
65,65,4225,3875,1
65,65,4225,3682,1
65,65,4225,3355,1
65,65,4225,3348,1
65,65,4225,3684,1
65,65,4225,3202,1
65,65,4225,3089,1
65,65,4225,2910,1
65,65,4225,3465,1
65,65,4225,3010,1
65,65,4225,3577,1
65,65,4225,2582,1
65,65,4225,3480,1
65,65,4225,3237,1
65,65,4225,3217,1
65,65,4225,3062,1
65,65,4225,3752,1
65,65,4225,3220,1
65,65,4225,3600,1
65,65,4225,3524,1
65,65,4225,3629,1
65,65,4225,2963,1
65,65,4225,3362,1
65,65,4225,3830,1
65,65,4225,2631,1
65,65,4225,2891,1
65,65,4225,3370,1
65,65,4225,3228,1
65,65,4225,2620,1
65,65,4225,3080,1
65,65,4225,3384,1
65,65,4225,3015,1
65,65,4225,3629,1
65,65,4225,3403,1
65,65,4225,2661,1
65,65,4225,4928,1
65,65,4225,3627,1
65,65,4225,3516,1
65,65,4225,2664,1
65,65,4225,2945,1
65,65,4225,4024,1
65,65,4225,3707,1
65,65,4225,3211,1
65,65,4225,3000,1
65,65,4225,3218,1
65,65,4225,2955,1
65,65,4225,3510,1
65,65,4225,3909,1
65,65,4225,3615,1
65,65,4225,3076,1
65,65,4225,3235,1
65,65,4225,2978,1
65,65,4225,2243,1
65,65,4225,3419,1
65,65,4225,3553,1
65,65,4225,3311,1
65,65,4225,4015,1
65,65,4225,3629,1
65,65,4225,2771,1
65,65,4225,4001,1
65,65,4225,3386,1
65,65,4225,3125,1
65,65,4225,3270,1
65,65,4225,4075,1
65,65,4225,3619,1
65,65,4225,3235,1
65,65,4225,3603,1
65,65,4225,3297,1
65,65,4225,3124,1
65,65,4225,4152,1
65,65,4225,4057,1
65,65,4225,2495,1
65,65,4225,3570,1
65,65,4225,4274,1
65,65,4225,3520,1
65,65,4225,3862,1
65,65,4225,3154,1
65,65,4225,3595,1
65,65,4225,2927,1
65,65,4225,3828,1
66,66,4356,3180,1
66,66,4356,3211,1
66,66,4356,3479,1
66,66,4356,3390,1
66,66,4356,3581,1
66,66,4356,4037,1
66,66,4356,3631,1
66,66,4356,3798,1
66,66,4356,3678,1
66,66,4356,2790,1
66,66,4356,2835,1
66,66,4356,3930,1
66,66,4356,3967,1
66,66,4356,2419,1
66,66,4356,4086,1
66,66,4356,3286,1
66,66,4356,4048,1
66,66,4356,3868,1
66,66,4356,3091,1
66,66,4356,2388,1
66,66,4356,2919,1
66,66,4356,3871,1
66,66,4356,2980,1
66,66,4356,3227,1
66,66,4356,4256,1
66,66,4356,3639,1
66,66,4356,3561,1
66,66,4356,3101,1
66,66,4356,3599,1
66,66,4356,2887,1
66,66,4356,3574,1
66,66,4356,3491,1
66,66,4356,3232,1
66,66,4356,3729,1
66,66,4356,3757,1
66,66,4356,3895,1
66,66,4356,3750,1
66,66,4356,2845,1
66,66,4356,3104,1
66,66,4356,2750,1
66,66,4356,2877,1
66,66,4356,3597,1
66,66,4356,3802,1
66,66,4356,3228,1
66,66,4356,3602,1
66,66,4356,4104,1
66,66,4356,4816,1
66,66,4356,3604,1
66,66,4356,3488,1
66,66,4356,4821,1
66,66,4356,2898,1
66,66,4356,3038,1
66,66,4356,3591,1
66,66,4356,3859,1
66,66,4356,3615,1
66,66,4356,3413,1
66,66,4356,3810,1
66,66,4356,3797,1
66,66,4356,2663,1
66,66,4356,3493,1
66,66,4356,3537,1
66,66,4356,3499,1
66,66,4356,3220,1
66,66,4356,3584,1
66,66,4356,3616,1
66,66,4356,3541,1
66,66,4356,3598,1
66,66,4356,3117,1
66,66,4356,2948,1
66,66,4356,3020,1
66,66,4356,3109,1
66,66,4356,3559,1
66,66,4356,4823,1
66,66,4356,4443,1
66,66,4356,2790,1
66,66,4356,3893,1
66,66,4356,3256,1
66,66,4356,3425,1
66,66,4356,3659,1
66,66,4356,3796,1
66,66,4356,4002,1
66,66,4356,4389,1
66,66,4356,3516,1
66,66,4356,3200,1
66,66,4356,2950,1
66,66,4356,4130,1
66,66,4356,3939,1
66,66,4356,3185,1
66,66,4356,4091,1
66,66,4356,3409,1
66,66,4356,3369,1
66,66,4356,3754,1
66,66,4356,3422,1
66,66,4356,4091,1
66,66,4356,3614,1
66,66,4356,3463,1
66,66,4356,4007,1
66,66,4356,4155,1
66,66,4356,3549,1
66,66,4356,3496,1
67,67,4489,3781,1
67,67,4489,3647,1
67,67,4489,3849,1
67,67,4489,3400,1
67,67,4489,3751,1
67,67,4489,3452,1
67,67,4489,4661,1
67,67,4489,3449,1
67,67,4489,3376,1
67,67,4489,3763,1
67,67,4489,4346,1
67,67,4489,4044,1
67,67,4489,3904,1
67,67,4489,3934,1
67,67,4489,3538,1
67,67,4489,3475,1
67,67,4489,3784,1
67,67,4489,3867,1
67,67,4489,4776,1
67,67,4489,3759,1
67,67,4489,3973,1
67,67,4489,2979,1
67,67,4489,3454,1
67,67,4489,2454,1
67,67,4489,3640,1
67,67,4489,3967,1
67,67,4489,3617,1
67,67,4489,3675,1
67,67,4489,3090,1
67,67,4489,3635,1
67,67,4489,3508,1
67,67,4489,4098,1
67,67,4489,3572,1
67,67,4489,3235,1
67,67,4489,3713,1
67,67,4489,3775,1
67,67,4489,3882,1
67,67,4489,3926,1
67,67,4489,4198,1
67,67,4489,4540,1
67,67,4489,3350,1
67,67,4489,4493,1
67,67,4489,3906,1
67,67,4489,3472,1
67,67,4489,3337,1
67,67,4489,3149,1
67,67,4489,3664,1
67,67,4489,3687,1
67,67,4489,4085,1
67,67,4489,3920,1
67,67,4489,3959,1
67,67,4489,2966,1
67,67,4489,3366,1
67,67,4489,3892,1
67,67,4489,3854,1
67,67,4489,3331,1
67,67,4489,3764,1
67,67,4489,3684,1
67,67,4489,2524,1
67,67,4489,3632,1
67,67,4489,3788,1
67,67,4489,4098,1
67,67,4489,2824,1
67,67,4489,4167,1
67,67,4489,3940,1
67,67,4489,3058,1
67,67,4489,3811,1
67,67,4489,3580,1
67,67,4489,3928,1
67,67,4489,3647,1
67,67,4489,4537,1
67,67,4489,2824,1
67,67,4489,3522,1
67,67,4489,3270,1
67,67,4489,4143,1
67,67,4489,3410,1
67,67,4489,3221,1
67,67,4489,3402,1
67,67,4489,3401,1
67,67,4489,4232,1
67,67,4489,3901,1
67,67,4489,3188,1
67,67,4489,3205,1
67,67,4489,3422,1
67,67,4489,4282,1
67,67,4489,3521,1
67,67,4489,4127,1
67,67,4489,2863,1
67,67,4489,3530,1
67,67,4489,3028,1
67,67,4489,4041,1
67,67,4489,2834,1
67,67,4489,2811,1
67,67,4489,4086,1
67,67,4489,3904,1
67,67,4489,3900,1
67,67,4489,3614,1
67,67,4489,4050,1
67,67,4489,3924,1
67,67,4489,3079,1
68,68,4624,4115,1
68,68,4624,4462,1
68,68,4624,3240,1
68,68,4624,3290,1
68,68,4624,3807,1
68,68,4624,2929,1
68,68,4624,4442,1
68,68,4624,3466,1
68,68,4624,3504,1
68,68,4624,4641,1
68,68,4624,2775,1
68,68,4624,3967,1
68,68,4624,4726,1
68,68,4624,3553,1
68,68,4624,3659,1
68,68,4624,4965,1
68,68,4624,4115,1
68,68,4624,3900,1
68,68,4624,3638,1
68,68,4624,4230,1
68,68,4624,3858,1
68,68,4624,3831,1
68,68,4624,3554,1
68,68,4624,3807,1
68,68,4624,3727,1
68,68,4624,3699,1
68,68,4624,4034,1
68,68,4624,3478,1
68,68,4624,4055,1
68,68,4624,2836,1
68,68,4624,3907,1
68,68,4624,3597,1
68,68,4624,3245,1
68,68,4624,3909,1
68,68,4624,3932,1
68,68,4624,3501,1
68,68,4624,3729,1
68,68,4624,3826,1
68,68,4624,4176,1
68,68,4624,3058,1
68,68,4624,3586,1
68,68,4624,4146,1
68,68,4624,3748,1
68,68,4624,3709,1
68,68,4624,3721,1
68,68,4624,4166,1
68,68,4624,3703,1
68,68,4624,4059,1
68,68,4624,2713,1
68,68,4624,3327,1
68,68,4624,4098,1
68,68,4624,3560,1
68,68,4624,4351,1
68,68,4624,3201,1
68,68,4624,3576,1
68,68,4624,3405,1
68,68,4624,3850,1
68,68,4624,3826,1
68,68,4624,4144,1
68,68,4624,3397,1
68,68,4624,4149,1
68,68,4624,3907,1
68,68,4624,4216,1
68,68,4624,3709,1
68,68,4624,3817,1
68,68,4624,3027,1
68,68,4624,3775,1
68,68,4624,4319,1
68,68,4624,4419,1
68,68,4624,3130,1
68,68,4624,5371,1
68,68,4624,3897,1
68,68,4624,3537,1
68,68,4624,3734,1
68,68,4624,4701,1
68,68,4624,4255,1
68,68,4624,4120,1
68,68,4624,3688,1
68,68,4624,4710,1
68,68,4624,3193,1
68,68,4624,3448,1
68,68,4624,3127,1
68,68,4624,3284,1
68,68,4624,3706,1
68,68,4624,3111,1
68,68,4624,3280,1
68,68,4624,3331,1
68,68,4624,4089,1
68,68,4624,3850,1
68,68,4624,3095,1
68,68,4624,3169,1
68,68,4624,3483,1
68,68,4624,3625,1
68,68,4624,3500,1
68,68,4624,4462,1
68,68,4624,3201,1
68,68,4624,3530,1
68,68,4624,3519,1
68,68,4624,4287,1
68,68,4624,3784,1
69,69,4761,3462,1
69,69,4761,3101,1
69,69,4761,4390,1
69,69,4761,3689,1
69,69,4761,4289,1
69,69,4761,4528,1
69,69,4761,4687,1
69,69,4761,3743,1
69,69,4761,4142,1
69,69,4761,3570,1
69,69,4761,3408,1
69,69,4761,4151,1
69,69,4761,4769,1
69,69,4761,4353,1
69,69,4761,3371,1
69,69,4761,5901,1
69,69,4761,3994,1
69,69,4761,4813,1
69,69,4761,3789,1
69,69,4761,4266,1
69,69,4761,3519,1
69,69,4761,4798,1
69,69,4761,3981,1
69,69,4761,4226,1
69,69,4761,3859,1
69,69,4761,3588,1
69,69,4761,3217,1
69,69,4761,2904,1
69,69,4761,4171,1
69,69,4761,3345,1
69,69,4761,4457,1
69,69,4761,3932,1
69,69,4761,3440,1
69,69,4761,4481,1
69,69,4761,2992,1
69,69,4761,3612,1
69,69,4761,3973,1
69,69,4761,3435,1
69,69,4761,3438,1
69,69,4761,4911,1
69,69,4761,4026,1
69,69,4761,4499,1
69,69,4761,3908,1
69,69,4761,3772,1
69,69,4761,3456,1
69,69,4761,3968,1
69,69,4761,3544,1
69,69,4761,3962,1
69,69,4761,3943,1
69,69,4761,4189,1
69,69,4761,3552,1
69,69,4761,2985,1
69,69,4761,3388,1
69,69,4761,4214,1
69,69,4761,2961,1
69,69,4761,3870,1
69,69,4761,4078,1
69,69,4761,4356,1
69,69,4761,3856,1
69,69,4761,4059,1
69,69,4761,4142,1
69,69,4761,2862,1
69,69,4761,3625,1
69,69,4761,3620,1
69,69,4761,3765,1
69,69,4761,3611,1
69,69,4761,3377,1
69,69,4761,3636,1
69,69,4761,4744,1
69,69,4761,4732,1
69,69,4761,4161,1
69,69,4761,3001,1
69,69,4761,3232,1
69,69,4761,4338,1
69,69,4761,3756,1
69,69,4761,3978,1
69,69,4761,3777,1
69,69,4761,3843,1
69,69,4761,4462,1
69,69,4761,3344,1
69,69,4761,4093,1
69,69,4761,3682,1
69,69,4761,4041,1
69,69,4761,4236,1
69,69,4761,2983,1
69,69,4761,4026,1
69,69,4761,3562,1
69,69,4761,3329,1
69,69,4761,4947,1
69,69,4761,3394,1
69,69,4761,3388,1
69,69,4761,4538,1
69,69,4761,3311,1
69,69,4761,4216,1
69,69,4761,4346,1
69,69,4761,4292,1
69,69,4761,3782,1
69,69,4761,4589,1
69,69,4761,3936,1
69,69,4761,3778,1
70,70,4900,4988,1
70,70,4900,4021,1
70,70,4900,4423,1
70,70,4900,5032,1
70,70,4900,4266,1
70,70,4900,3452,1
70,70,4900,3596,1
70,70,4900,4568,1
70,70,4900,2911,1
70,70,4900,4923,1
70,70,4900,4726,1
70,70,4900,3956,1
70,70,4900,3635,1
70,70,4900,3045,1
70,70,4900,3043,1
70,70,4900,4016,1
70,70,4900,3783,1
70,70,4900,3286,1
70,70,4900,4466,1
70,70,4900,4109,1
70,70,4900,4017,1
70,70,4900,4593,1
70,70,4900,3279,1
70,70,4900,3917,1
70,70,4900,3814,1
70,70,4900,3539,1
70,70,4900,3941,1
70,70,4900,4332,1
70,70,4900,4095,1
70,70,4900,4657,1
70,70,4900,3517,1
70,70,4900,3664,1
70,70,4900,3724,1
70,70,4900,3799,1
70,70,4900,4387,1
70,70,4900,4405,1
70,70,4900,4102,1
70,70,4900,4142,1
70,70,4900,4540,1
70,70,4900,4081,1
70,70,4900,3616,1
70,70,4900,4005,1
70,70,4900,3876,1
70,70,4900,4110,1
70,70,4900,3786,1
70,70,4900,4657,1
70,70,4900,3220,1
70,70,4900,3989,1
70,70,4900,4307,1
70,70,4900,3934,1
70,70,4900,4601,1
70,70,4900,4581,1
70,70,4900,4154,1
70,70,4900,4199,1
70,70,4900,4403,1
70,70,4900,3310,1
70,70,4900,4480,1
70,70,4900,3992,1
70,70,4900,4842,1
70,70,4900,4271,1
70,70,4900,4995,1
70,70,4900,4011,1
70,70,4900,3811,1
70,70,4900,3823,1
70,70,4900,2980,1
70,70,4900,3859,1
70,70,4900,3701,1
70,70,4900,3951,1
70,70,4900,4097,1
70,70,4900,3798,1
70,70,4900,4492,1
70,70,4900,3780,1
70,70,4900,3382,1
70,70,4900,3514,1
70,70,4900,4532,1
70,70,4900,3538,1
70,70,4900,4110,1
70,70,4900,3646,1
70,70,4900,3594,1
70,70,4900,4005,1
70,70,4900,3511,1
70,70,4900,4342,1
70,70,4900,3782,1
70,70,4900,3412,1
70,70,4900,3415,1
70,70,4900,3347,1
70,70,4900,3946,1
70,70,4900,3268,1
70,70,4900,3508,1
70,70,4900,4686,1
70,70,4900,3504,1
70,70,4900,3679,1
70,70,4900,4135,1
70,70,4900,3958,1
70,70,4900,4178,1
70,70,4900,3555,1
70,70,4900,3231,1
70,70,4900,4748,1
70,70,4900,3226,1
70,70,4900,3305,1
71,71,5041,4344,1
71,71,5041,4388,1
71,71,5041,4154,1
71,71,5041,4104,1
71,71,5041,2885,1
71,71,5041,4677,1
71,71,5041,4139,1
71,71,5041,4450,1
71,71,5041,3216,1
71,71,5041,5885,1
71,71,5041,4531,1
71,71,5041,3682,1
71,71,5041,4819,1
71,71,5041,3407,1
71,71,5041,4150,1
71,71,5041,4619,1
71,71,5041,4214,1
71,71,5041,4219,1
71,71,5041,3591,1
71,71,5041,3578,1
71,71,5041,3575,1
71,71,5041,4047,1
71,71,5041,3914,1
71,71,5041,4630,1
71,71,5041,3419,1
71,71,5041,4330,1
71,71,5041,3847,1
71,71,5041,3507,1
71,71,5041,3858,1
71,71,5041,4552,1
71,71,5041,4484,1
71,71,5041,4024,1
71,71,5041,4358,1
71,71,5041,4105,1
71,71,5041,4926,1
71,71,5041,4363,1
71,71,5041,4302,1
71,71,5041,4357,1
71,71,5041,4083,1
71,71,5041,4081,1
71,71,5041,4850,1
71,71,5041,3430,1
71,71,5041,4490,1
71,71,5041,3777,1
71,71,5041,4037,1
71,71,5041,3913,1
71,71,5041,4340,1
71,71,5041,4504,1
71,71,5041,3913,1
71,71,5041,4350,1
71,71,5041,3771,1
71,71,5041,4728,1
71,71,5041,4029,1
71,71,5041,3944,1
71,71,5041,4294,1
71,71,5041,4087,1
71,71,5041,4782,1
71,71,5041,3760,1
71,71,5041,4386,1
71,71,5041,4174,1
71,71,5041,3741,1
71,71,5041,4033,1
71,71,5041,4492,1
71,71,5041,3514,1
71,71,5041,3465,1
71,71,5041,3873,1
71,71,5041,4465,1
71,71,5041,4377,1
71,71,5041,3764,1
71,71,5041,3439,1
71,71,5041,4227,1
71,71,5041,3772,1
71,71,5041,4602,1
71,71,5041,3642,1
71,71,5041,3747,1
71,71,5041,4040,1
71,71,5041,4132,1
71,71,5041,3710,1
71,71,5041,3739,1
71,71,5041,4586,1
71,71,5041,3231,1
71,71,5041,4382,1
71,71,5041,3911,1
71,71,5041,4246,1
71,71,5041,3587,1
71,71,5041,4380,1
71,71,5041,3812,1
71,71,5041,3656,1
71,71,5041,3679,1
71,71,5041,4473,1
71,71,5041,4770,1
71,71,5041,5076,1
71,71,5041,4461,1
71,71,5041,4007,1
71,71,5041,3757,1
71,71,5041,4160,1
71,71,5041,3401,1
71,71,5041,4210,1
71,71,5041,4071,1
71,71,5041,4682,1
72,72,5184,4245,1
72,72,5184,3460,1
72,72,5184,4134,1
72,72,5184,3765,1
72,72,5184,3413,1
72,72,5184,3385,1
72,72,5184,4059,1
72,72,5184,4065,1
72,72,5184,4380,1
72,72,5184,4216,1
72,72,5184,5054,1
72,72,5184,4466,1
72,72,5184,4478,1
72,72,5184,5314,1
72,72,5184,4388,1
72,72,5184,3655,1
72,72,5184,5489,1
72,72,5184,3664,1
72,72,5184,4133,1
72,72,5184,4887,1
72,72,5184,4152,1
72,72,5184,4349,1
72,72,5184,4356,1
72,72,5184,4453,1
72,72,5184,4814,1
72,72,5184,4615,1
72,72,5184,3749,1
72,72,5184,3473,1
72,72,5184,3648,1
72,72,5184,4358,1
72,72,5184,3941,1
72,72,5184,4037,1
72,72,5184,4167,1
72,72,5184,4754,1
72,72,5184,3775,1
72,72,5184,4208,1
72,72,5184,2886,1
72,72,5184,3910,1
72,72,5184,4158,1
72,72,5184,3807,1
72,72,5184,4645,1
72,72,5184,3661,1
72,72,5184,4251,1
72,72,5184,4989,1
72,72,5184,4569,1
72,72,5184,4775,1
72,72,5184,4469,1
72,72,5184,4622,1
72,72,5184,4849,1
72,72,5184,3515,1
72,72,5184,4851,1
72,72,5184,4084,1
72,72,5184,4005,1
72,72,5184,4775,1
72,72,5184,3485,1
72,72,5184,5078,1
72,72,5184,4336,1
72,72,5184,4731,1
72,72,5184,4665,1
72,72,5184,4554,1
72,72,5184,3521,1
72,72,5184,5402,1
72,72,5184,3953,1
72,72,5184,3275,1
72,72,5184,4535,1
72,72,5184,4285,1
72,72,5184,4152,1
72,72,5184,3867,1
72,72,5184,4625,1
72,72,5184,5829,1
72,72,5184,3464,1
72,72,5184,3340,1
72,72,5184,3747,1
72,72,5184,5214,1
72,72,5184,3701,1
72,72,5184,4624,1
72,72,5184,4247,1
72,72,5184,4458,1
72,72,5184,4431,1
72,72,5184,4416,1
72,72,5184,3875,1
72,72,5184,3962,1
72,72,5184,3279,1
72,72,5184,4241,1
72,72,5184,4094,1
72,72,5184,3227,1
72,72,5184,4422,1
72,72,5184,4366,1
72,72,5184,3953,1
72,72,5184,4420,1
72,72,5184,3956,1
72,72,5184,4375,1
72,72,5184,4785,1
72,72,5184,4357,1
72,72,5184,4045,1
72,72,5184,3809,1
72,72,5184,3581,1
72,72,5184,3382,1
72,72,5184,5595,1
72,72,5184,4593,1
73,73,5329,4425,1
73,73,5329,3645,1
73,73,5329,4232,1
73,73,5329,4424,1
73,73,5329,4500,1
73,73,5329,3557,1
73,73,5329,4150,1
73,73,5329,4016,1
73,73,5329,4758,1
73,73,5329,3796,1
73,73,5329,3529,1
73,73,5329,4862,1
73,73,5329,4548,1
73,73,5329,4820,1
73,73,5329,4529,1
73,73,5329,4275,1
73,73,5329,4019,1
73,73,5329,5200,1
73,73,5329,5028,1
73,73,5329,4512,1
73,73,5329,3249,1
73,73,5329,5980,1
73,73,5329,4359,1
73,73,5329,4699,1
73,73,5329,4113,1
73,73,5329,4578,1
73,73,5329,4263,1
73,73,5329,4231,1
73,73,5329,4580,1
73,73,5329,4290,1
73,73,5329,4114,1
73,73,5329,3946,1
73,73,5329,4479,1
73,73,5329,3694,1
73,73,5329,5062,1
73,73,5329,5040,1
73,73,5329,4126,1
73,73,5329,3811,1
73,73,5329,3693,1
73,73,5329,3999,1
73,73,5329,4294,1
73,73,5329,4346,1
73,73,5329,4577,1
73,73,5329,4620,1
73,73,5329,4460,1
73,73,5329,4201,1
73,73,5329,4201,1
73,73,5329,4412,1
73,73,5329,4462,1
73,73,5329,4533,1
73,73,5329,3479,1
73,73,5329,4804,1
73,73,5329,3964,1
73,73,5329,4541,1
73,73,5329,4998,1
73,73,5329,3906,1
73,73,5329,5276,1
73,73,5329,3792,1
73,73,5329,4097,1
73,73,5329,4808,1
73,73,5329,4446,1
73,73,5329,4213,1
73,73,5329,4213,1
73,73,5329,5233,1
73,73,5329,4161,1
73,73,5329,4275,1
73,73,5329,4152,1
73,73,5329,3858,1
73,73,5329,4333,1
73,73,5329,4941,1
73,73,5329,4301,1
73,73,5329,4329,1
73,73,5329,3653,1
73,73,5329,4264,1
73,73,5329,4141,1
73,73,5329,4357,1
73,73,5329,4181,1
73,73,5329,4970,1
73,73,5329,4003,1
73,73,5329,4672,1
73,73,5329,4604,1
73,73,5329,5203,1
73,73,5329,4913,1
73,73,5329,4379,1
73,73,5329,4175,1
73,73,5329,5557,1
73,73,5329,6165,1
73,73,5329,3630,1
73,73,5329,4617,1
73,73,5329,4263,1
73,73,5329,4449,1
73,73,5329,4999,1
73,73,5329,4719,1
73,73,5329,4100,1
73,73,5329,4587,1
73,73,5329,4197,1
73,73,5329,4868,1
73,73,5329,4328,1
73,73,5329,4684,1
73,73,5329,4603,1
74,74,5476,3741,1
74,74,5476,4870,1
74,74,5476,3703,1
74,74,5476,4446,1
74,74,5476,4471,1
74,74,5476,4855,1
74,74,5476,4479,1
74,74,5476,4717,1
74,74,5476,4225,1
74,74,5476,4022,1
74,74,5476,4486,1
74,74,5476,5005,1
74,74,5476,3533,1
74,74,5476,4616,1
74,74,5476,4060,1
74,74,5476,4136,1
74,74,5476,4451,1
74,74,5476,4381,1
74,74,5476,3903,1
74,74,5476,4276,1
74,74,5476,4849,1
74,74,5476,4817,1
74,74,5476,5040,1
74,74,5476,4581,1
74,74,5476,4531,1
74,74,5476,4436,1
74,74,5476,4903,1
74,74,5476,4177,1
74,74,5476,4232,1
74,74,5476,4046,1
74,74,5476,5534,1
74,74,5476,3637,1
74,74,5476,5095,1
74,74,5476,3939,1
74,74,5476,3887,1
74,74,5476,4480,1
74,74,5476,4526,1
74,74,5476,4257,1
74,74,5476,4943,1
74,74,5476,4611,1
74,74,5476,5551,1
74,74,5476,4662,1
74,74,5476,4457,1
74,74,5476,6053,1
74,74,5476,4720,1
74,74,5476,4829,1
74,74,5476,5111,1
74,74,5476,4283,1
74,74,5476,4144,1
74,74,5476,4369,1
74,74,5476,3916,1
74,74,5476,4674,1
74,74,5476,5570,1
74,74,5476,4842,1
74,74,5476,5605,1
74,74,5476,4503,1
74,74,5476,4008,1
74,74,5476,4011,1
74,74,5476,4190,1
74,74,5476,4299,1
74,74,5476,4143,1
74,74,5476,4435,1
74,74,5476,3475,1
74,74,5476,4212,1
74,74,5476,3624,1
74,74,5476,4690,1
74,74,5476,5246,1
74,74,5476,4034,1
74,74,5476,4719,1
74,74,5476,4476,1
74,74,5476,4512,1
74,74,5476,4382,1
74,74,5476,3772,1
74,74,5476,5277,1
74,74,5476,4267,1
74,74,5476,3850,1
74,74,5476,5121,1
74,74,5476,5139,1
74,74,5476,6608,1
74,74,5476,4234,1
74,74,5476,4928,1
74,74,5476,4523,1
74,74,5476,4340,1
74,74,5476,4653,1
74,74,5476,4037,1
74,74,5476,3724,1
74,74,5476,5186,1
74,74,5476,4758,1
74,74,5476,5848,1
74,74,5476,4865,1
74,74,5476,4796,1
74,74,5476,4671,1
74,74,5476,5057,1
74,74,5476,3943,1
74,74,5476,3650,1
74,74,5476,3929,1
74,74,5476,4932,1
74,74,5476,4441,1
74,74,5476,5511,1
74,74,5476,4367,1
75,75,5625,4624,1
75,75,5625,4924,1
75,75,5625,5294,1
75,75,5625,4066,1
75,75,5625,4003,1
75,75,5625,4028,1
75,75,5625,4109,1
75,75,5625,4149,1
75,75,5625,4432,1
75,75,5625,4205,1
75,75,5625,5063,1
75,75,5625,4100,1
75,75,5625,4784,1
75,75,5625,3927,1
75,75,5625,5828,1
75,75,5625,5332,1
75,75,5625,4471,1
75,75,5625,3975,1
75,75,5625,4460,1
75,75,5625,4123,1
75,75,5625,4622,1
75,75,5625,4622,1
75,75,5625,4812,1
75,75,5625,3818,1
75,75,5625,4201,1
75,75,5625,4339,1
75,75,5625,4765,1
75,75,5625,4608,1
75,75,5625,5255,1
75,75,5625,4175,1
75,75,5625,4507,1
75,75,5625,4660,1
75,75,5625,3969,1
75,75,5625,4336,1
75,75,5625,4808,1
75,75,5625,3629,1
75,75,5625,3681,1
75,75,5625,4058,1
75,75,5625,4245,1
75,75,5625,4619,1
75,75,5625,4930,1
75,75,5625,4475,1
75,75,5625,4603,1
75,75,5625,4565,1
75,75,5625,5150,1
75,75,5625,5064,1
75,75,5625,4572,1
75,75,5625,4522,1
75,75,5625,4623,1
75,75,5625,4764,1
75,75,5625,5153,1
75,75,5625,4939,1
75,75,5625,5417,1
75,75,5625,4238,1
75,75,5625,4506,1
75,75,5625,5374,1
75,75,5625,4923,1
75,75,5625,4904,1
75,75,5625,5589,1
75,75,5625,4649,1
75,75,5625,3633,1
75,75,5625,3906,1
75,75,5625,3849,1
75,75,5625,4015,1
75,75,5625,5406,1
75,75,5625,4595,1
75,75,5625,5177,1
75,75,5625,4319,1
75,75,5625,3731,1
75,75,5625,4790,1
75,75,5625,4529,1
75,75,5625,4699,1
75,75,5625,4157,1
75,75,5625,4312,1
75,75,5625,4565,1
75,75,5625,4673,1
75,75,5625,4604,1
75,75,5625,4394,1
75,75,5625,4610,1
75,75,5625,4905,1
75,75,5625,5787,1
75,75,5625,5205,1
75,75,5625,4606,1
75,75,5625,4772,1
75,75,5625,4978,1
75,75,5625,5811,1
75,75,5625,3978,1
75,75,5625,6027,1
75,75,5625,4040,1
75,75,5625,3542,1
75,75,5625,4545,1
75,75,5625,4017,1
75,75,5625,4465,1
75,75,5625,4549,1
75,75,5625,3943,1
75,75,5625,4637,1
75,75,5625,4115,1
75,75,5625,5265,1
75,75,5625,5103,1
75,75,5625,5468,1
76,76,5776,4641,1
76,76,5776,4490,1
76,76,5776,4762,1
76,76,5776,5419,1
76,76,5776,5167,1
76,76,5776,4307,1
76,76,5776,4610,1
76,76,5776,3637,1
76,76,5776,4149,1
76,76,5776,4885,1
76,76,5776,4611,1
76,76,5776,4268,1
76,76,5776,5253,1
76,76,5776,4932,1
76,76,5776,5273,1
76,76,5776,5692,1
76,76,5776,5147,1
76,76,5776,4603,1
76,76,5776,4558,1
76,76,5776,4238,1
76,76,5776,4566,1
76,76,5776,4837,1
76,76,5776,4749,1
76,76,5776,4708,1
76,76,5776,4350,1
76,76,5776,4821,1
76,76,5776,4823,1
76,76,5776,4620,1
76,76,5776,6201,1
76,76,5776,4585,1
76,76,5776,4173,1
76,76,5776,5231,1
76,76,5776,4459,1
76,76,5776,4689,1
76,76,5776,5046,1
76,76,5776,3726,1
76,76,5776,4009,1
76,76,5776,4685,1
76,76,5776,5132,1
76,76,5776,4195,1
76,76,5776,4727,1
76,76,5776,4129,1
76,76,5776,4637,1
76,76,5776,4831,1
76,76,5776,5191,1
76,76,5776,4793,1
76,76,5776,4605,1
76,76,5776,5038,1
76,76,5776,4592,1
76,76,5776,5163,1
76,76,5776,4258,1
76,76,5776,5234,1
76,76,5776,4414,1
76,76,5776,6007,1
76,76,5776,5719,1
76,76,5776,4425,1
76,76,5776,4285,1
76,76,5776,4372,1
76,76,5776,4957,1
76,76,5776,5146,1
76,76,5776,5536,1
76,76,5776,5269,1
76,76,5776,4003,1
76,76,5776,4755,1
76,76,5776,4327,1
76,76,5776,4284,1
76,76,5776,5599,1
76,76,5776,4526,1
76,76,5776,4426,1
76,76,5776,4809,1
76,76,5776,4628,1
76,76,5776,4645,1
76,76,5776,5739,1
76,76,5776,4065,1
76,76,5776,4058,1
76,76,5776,4711,1
76,76,5776,4925,1
76,76,5776,5340,1
76,76,5776,5690,1
76,76,5776,4904,1
76,76,5776,4666,1
76,76,5776,5047,1
76,76,5776,4554,1
76,76,5776,4958,1
76,76,5776,4721,1
76,76,5776,4862,1
76,76,5776,4469,1
76,76,5776,5194,1
76,76,5776,5544,1
76,76,5776,4996,1
76,76,5776,4420,1
76,76,5776,4611,1
76,76,5776,5294,1
76,76,5776,5446,1
76,76,5776,4348,1
76,76,5776,5571,1
76,76,5776,5321,1
76,76,5776,3407,1
76,76,5776,5526,1
76,76,5776,4182,1
77,77,5929,5068,1
77,77,5929,4521,1
77,77,5929,4687,1
77,77,5929,4896,1
77,77,5929,4002,1
77,77,5929,4811,1
77,77,5929,4464,1
77,77,5929,4087,1
77,77,5929,5108,1
77,77,5929,4046,1
77,77,5929,4759,1
77,77,5929,4810,1
77,77,5929,5063,1
77,77,5929,3621,1
77,77,5929,5417,1
77,77,5929,6472,1
77,77,5929,5274,1
77,77,5929,4481,1
77,77,5929,6080,1
77,77,5929,4403,1
77,77,5929,6103,1
77,77,5929,4436,1
77,77,5929,4585,1
77,77,5929,5035,1
77,77,5929,5704,1
77,77,5929,4764,1
77,77,5929,5122,1
77,77,5929,3604,1
77,77,5929,5194,1
77,77,5929,5315,1
77,77,5929,4244,1
77,77,5929,4245,1
77,77,5929,5074,1
77,77,5929,4337,1
77,77,5929,5229,1
77,77,5929,5247,1
77,77,5929,4395,1
77,77,5929,4767,1
77,77,5929,5189,1
77,77,5929,5877,1
77,77,5929,5146,1
77,77,5929,5262,1
77,77,5929,4628,1
77,77,5929,5365,1
77,77,5929,5340,1
77,77,5929,5268,1
77,77,5929,3944,1
77,77,5929,4448,1
77,77,5929,4720,1
77,77,5929,5237,1
77,77,5929,4331,1
77,77,5929,3988,1
77,77,5929,6037,1
77,77,5929,5126,1
77,77,5929,4556,1
77,77,5929,5569,1
77,77,5929,4805,1
77,77,5929,4644,1
77,77,5929,4630,1
77,77,5929,4730,1
77,77,5929,4717,1
77,77,5929,5220,1
77,77,5929,4280,1
77,77,5929,4947,1
77,77,5929,5115,1
77,77,5929,5190,1
77,77,5929,4807,1
77,77,5929,3940,1
77,77,5929,4662,1
77,77,5929,3401,1
77,77,5929,5678,1
77,77,5929,5609,1
77,77,5929,5184,1
77,77,5929,4423,1
77,77,5929,5112,1
77,77,5929,5181,1
77,77,5929,4713,1
77,77,5929,4813,1
77,77,5929,3841,1
77,77,5929,4558,1
77,77,5929,4154,1
77,77,5929,5780,1
77,77,5929,4775,1
77,77,5929,5990,1
77,77,5929,5363,1
77,77,5929,4276,1
77,77,5929,4333,1
77,77,5929,4743,1
77,77,5929,4785,1
77,77,5929,4600,1
77,77,5929,5946,1
77,77,5929,5060,1
77,77,5929,5352,1
77,77,5929,4208,1
77,77,5929,5493,1
77,77,5929,4037,1
77,77,5929,4403,1
77,77,5929,4755,1
77,77,5929,4931,1
77,77,5929,6657,1
78,78,6084,5422,1
78,78,6084,5490,1
78,78,6084,4907,1
78,78,6084,4401,1
78,78,6084,4220,1
78,78,6084,4272,1
78,78,6084,5505,1
78,78,6084,4709,1
78,78,6084,5396,1
78,78,6084,5740,1
78,78,6084,4831,1
78,78,6084,4823,1
78,78,6084,5684,1
78,78,6084,5596,1
78,78,6084,5464,1
78,78,6084,4869,1
78,78,6084,5652,1
78,78,6084,5032,1
78,78,6084,6276,1
78,78,6084,4456,1
78,78,6084,4434,1
78,78,6084,4974,1
78,78,6084,5176,1
78,78,6084,4939,1
78,78,6084,5505,1
78,78,6084,4853,1
78,78,6084,5906,1
78,78,6084,4352,1
78,78,6084,5188,1
78,78,6084,4949,1
78,78,6084,4834,1
78,78,6084,4975,1
78,78,6084,5625,1
78,78,6084,5140,1
78,78,6084,4988,1
78,78,6084,5475,1
78,78,6084,5949,1
78,78,6084,4021,1
78,78,6084,5102,1
78,78,6084,5099,1
78,78,6084,4835,1
78,78,6084,4369,1
78,78,6084,5511,1
78,78,6084,5187,1
78,78,6084,4403,1
78,78,6084,4714,1
78,78,6084,4712,1
78,78,6084,4611,1
78,78,6084,4603,1
78,78,6084,4455,1
78,78,6084,4912,1
78,78,6084,4525,1
78,78,6084,4911,1
78,78,6084,5951,1
78,78,6084,6515,1
78,78,6084,5805,1
78,78,6084,5568,1
78,78,6084,4993,1
78,78,6084,5051,1
78,78,6084,6601,1
78,78,6084,5657,1
78,78,6084,5972,1
78,78,6084,5396,1
78,78,6084,4696,1
78,78,6084,6095,1
78,78,6084,4738,1
78,78,6084,4514,1
78,78,6084,5267,1
78,78,6084,4128,1
78,78,6084,4570,1
78,78,6084,5410,1
78,78,6084,5731,1
78,78,6084,4154,1
78,78,6084,5009,1
78,78,6084,5905,1
78,78,6084,4962,1
78,78,6084,6132,1
78,78,6084,5483,1
78,78,6084,5753,1
78,78,6084,5982,1
78,78,6084,4762,1
78,78,6084,4288,1
78,78,6084,5785,1
78,78,6084,5092,1
78,78,6084,4605,1
78,78,6084,5298,1
78,78,6084,4780,1
78,78,6084,4558,1
78,78,6084,5167,1
78,78,6084,5285,1
78,78,6084,4426,1
78,78,6084,5426,1
78,78,6084,5140,1
78,78,6084,4970,1
78,78,6084,6441,1
78,78,6084,5269,1
78,78,6084,5583,1
78,78,6084,4643,1
78,78,6084,5263,1
78,78,6084,4397,1
79,79,6241,6065,1
79,79,6241,4867,1
79,79,6241,4213,1
79,79,6241,5091,1
79,79,6241,5296,1
79,79,6241,4652,1
79,79,6241,5703,1
79,79,6241,5527,1
79,79,6241,5017,1
79,79,6241,5597,1
79,79,6241,4640,1
79,79,6241,5826,1
79,79,6241,5992,1
79,79,6241,4835,1
79,79,6241,4678,1
79,79,6241,5617,1
79,79,6241,5413,1
79,79,6241,5502,1
79,79,6241,4815,1
79,79,6241,4553,1
79,79,6241,5609,1
79,79,6241,6105,1
79,79,6241,5582,1
79,79,6241,5715,1
79,79,6241,5676,1
79,79,6241,4684,1
79,79,6241,5092,1
79,79,6241,5013,1
79,79,6241,5229,1
79,79,6241,6548,1
79,79,6241,4857,1
79,79,6241,4132,1
79,79,6241,4268,1
79,79,6241,5180,1
79,79,6241,4266,1
79,79,6241,5252,1
79,79,6241,6076,1
79,79,6241,5522,1
79,79,6241,5233,1
79,79,6241,3869,1
79,79,6241,5354,1
79,79,6241,5083,1
79,79,6241,4728,1
79,79,6241,5366,1
79,79,6241,5045,1
79,79,6241,5051,1
79,79,6241,4828,1
79,79,6241,5326,1
79,79,6241,4984,1
79,79,6241,4761,1
79,79,6241,5590,1
79,79,6241,4707,1
79,79,6241,5720,1
79,79,6241,5772,1
79,79,6241,5483,1
79,79,6241,5086,1
79,79,6241,4807,1
79,79,6241,5231,1
79,79,6241,4991,1
79,79,6241,4778,1
79,79,6241,4930,1
79,79,6241,5047,1
79,79,6241,5128,1
79,79,6241,4466,1
79,79,6241,5373,1
79,79,6241,4100,1
79,79,6241,4493,1
79,79,6241,5023,1
79,79,6241,5092,1
79,79,6241,5446,1
79,79,6241,4721,1
79,79,6241,5027,1
79,79,6241,5736,1
79,79,6241,5554,1
79,79,6241,4116,1
79,79,6241,4942,1
79,79,6241,4719,1
79,79,6241,5373,1
79,79,6241,6139,1
79,79,6241,6057,1
79,79,6241,4834,1
79,79,6241,5344,1
79,79,6241,4684,1
79,79,6241,4221,1
79,79,6241,5130,1
79,79,6241,5638,1
79,79,6241,5226,1
79,79,6241,5003,1
79,79,6241,4644,1
79,79,6241,5458,1
79,79,6241,5266,1
79,79,6241,5479,1
79,79,6241,4527,1
79,79,6241,5149,1
79,79,6241,5560,1
79,79,6241,5501,1
79,79,6241,4502,1
79,79,6241,5352,1
79,79,6241,4136,1
79,79,6241,4461,1
80,80,6400,5627,1
80,80,6400,6277,1
80,80,6400,5837,1
80,80,6400,6819,1
80,80,6400,6306,1
80,80,6400,4996,1
80,80,6400,5004,1
80,80,6400,5340,1
80,80,6400,4202,1
80,80,6400,6041,1
80,80,6400,5780,1
80,80,6400,4371,1
80,80,6400,5043,1
80,80,6400,6199,1
80,80,6400,5056,1
80,80,6400,5129,1
80,80,6400,5094,1
80,80,6400,5118,1
80,80,6400,5491,1
80,80,6400,5547,1
80,80,6400,5274,1
80,80,6400,4534,1
80,80,6400,4114,1
80,80,6400,5869,1
80,80,6400,6095,1
80,80,6400,4979,1
80,80,6400,4903,1
80,80,6400,5457,1
80,80,6400,4810,1
80,80,6400,5653,1
80,80,6400,5508,1
80,80,6400,6053,1
80,80,6400,5155,1
80,80,6400,4913,1
80,80,6400,5799,1
80,80,6400,4989,1
80,80,6400,5151,1
80,80,6400,5643,1
80,80,6400,5472,1
80,80,6400,5133,1
80,80,6400,5418,1
80,80,6400,5248,1
80,80,6400,4400,1
80,80,6400,5224,1
80,80,6400,5035,1
80,80,6400,5571,1
80,80,6400,6365,1
80,80,6400,4752,1
80,80,6400,4540,1
80,80,6400,5115,1
80,80,6400,4637,1
80,80,6400,5075,1
80,80,6400,5857,1
80,80,6400,6003,1
80,80,6400,5295,1
80,80,6400,4983,1
80,80,6400,4832,1
80,80,6400,4432,1
80,80,6400,4704,1
80,80,6400,5419,1
80,80,6400,4962,1
80,80,6400,4238,1
80,80,6400,5063,1
80,80,6400,5925,1
80,80,6400,5159,1
80,80,6400,4784,1
80,80,6400,5616,1
80,80,6400,4515,1
80,80,6400,6012,1
80,80,6400,5493,1
80,80,6400,5112,1
80,80,6400,5298,1
80,80,6400,4667,1
80,80,6400,5035,1
80,80,6400,5851,1
80,80,6400,5209,1
80,80,6400,4823,1
80,80,6400,4755,1
80,80,6400,5003,1
80,80,6400,5576,1
80,80,6400,5587,1
80,80,6400,5297,1
80,80,6400,5794,1
80,80,6400,5576,1
80,80,6400,4660,1
80,80,6400,5477,1
80,80,6400,5026,1
80,80,6400,5101,1
80,80,6400,5721,1
80,80,6400,5363,1
80,80,6400,5245,1
80,80,6400,5392,1
80,80,6400,4683,1
80,80,6400,5683,1
80,80,6400,6424,1
80,80,6400,4461,1
80,80,6400,6199,1
80,80,6400,4961,1
80,80,6400,5268,1
80,80,6400,5784,1
81,81,6561,5395,1
81,81,6561,6646,1
81,81,6561,5752,1
81,81,6561,5501,1
81,81,6561,5126,1
81,81,6561,5995,1
81,81,6561,5112,1
81,81,6561,6439,1
81,81,6561,5559,1
81,81,6561,6492,1
81,81,6561,5020,1
81,81,6561,6085,1
81,81,6561,4940,1
81,81,6561,4733,1
81,81,6561,4701,1
81,81,6561,6232,1
81,81,6561,5692,1
81,81,6561,5301,1
81,81,6561,5596,1
81,81,6561,5761,1
81,81,6561,6608,1
81,81,6561,5666,1
81,81,6561,5439,1
81,81,6561,5760,1
81,81,6561,5870,1
81,81,6561,4976,1
81,81,6561,6070,1
81,81,6561,4981,1
81,81,6561,5642,1
81,81,6561,6175,1
81,81,6561,6246,1
81,81,6561,5764,1
81,81,6561,5522,1
81,81,6561,4863,1
81,81,6561,4472,1
81,81,6561,5818,1
81,81,6561,4938,1
81,81,6561,4837,1
81,81,6561,5042,1
81,81,6561,6005,1
81,81,6561,6396,1
81,81,6561,4895,1
81,81,6561,4570,1
81,81,6561,5398,1
81,81,6561,6005,1
81,81,6561,6159,1
81,81,6561,5470,1
81,81,6561,6094,1
81,81,6561,5724,1
81,81,6561,5173,1
81,81,6561,5725,1
81,81,6561,5441,1
81,81,6561,5181,1
81,81,6561,5248,1
81,81,6561,5316,1
81,81,6561,6549,1
81,81,6561,4828,1
81,81,6561,5295,1
81,81,6561,6401,1
81,81,6561,5363,1
81,81,6561,5928,1
81,81,6561,5590,1
81,81,6561,4505,1
81,81,6561,5917,1
81,81,6561,4252,1
81,81,6561,6207,1
81,81,6561,4827,1
81,81,6561,5361,1
81,81,6561,6464,1
81,81,6561,5735,1
81,81,6561,5157,1
81,81,6561,6174,1
81,81,6561,5091,1
81,81,6561,5992,1
81,81,6561,4881,1
81,81,6561,5529,1
81,81,6561,5239,1
81,81,6561,5915,1
81,81,6561,6028,1
81,81,6561,4908,1
81,81,6561,5177,1
81,81,6561,6872,1
81,81,6561,5182,1
81,81,6561,5493,1
81,81,6561,4967,1
81,81,6561,7689,1
81,81,6561,5670,1
81,81,6561,5339,1
81,81,6561,5965,1
81,81,6561,4904,1
81,81,6561,5804,1
81,81,6561,5107,1
81,81,6561,5145,1
81,81,6561,5684,1
81,81,6561,5837,1
81,81,6561,5677,1
81,81,6561,6069,1
81,81,6561,6437,1
81,81,6561,4894,1
81,81,6561,5753,1
82,82,6724,5156,1
82,82,6724,4587,1
82,82,6724,6224,1
82,82,6724,5190,1
82,82,6724,4505,1
82,82,6724,5671,1
82,82,6724,5729,1
82,82,6724,5698,1
82,82,6724,5724,1
82,82,6724,5247,1
82,82,6724,5553,1
82,82,6724,6474,1
82,82,6724,6692,1
82,82,6724,5470,1
82,82,6724,4639,1
82,82,6724,6339,1
82,82,6724,4676,1
82,82,6724,6417,1
82,82,6724,6659,1
82,82,6724,5056,1
82,82,6724,5361,1
82,82,6724,6033,1
82,82,6724,5018,1
82,82,6724,4959,1
82,82,6724,5698,1
82,82,6724,5948,1
82,82,6724,4983,1
82,82,6724,5721,1
82,82,6724,4991,1
82,82,6724,5391,1
82,82,6724,5857,1
82,82,6724,6003,1
82,82,6724,5176,1
82,82,6724,6314,1
82,82,6724,4727,1
82,82,6724,5049,1
82,82,6724,6306,1
82,82,6724,5315,1
82,82,6724,5843,1
82,82,6724,5232,1
82,82,6724,6298,1
82,82,6724,6100,1
82,82,6724,5466,1
82,82,6724,6132,1
82,82,6724,5369,1
82,82,6724,6403,1
82,82,6724,5530,1
82,82,6724,5746,1
82,82,6724,5231,1
82,82,6724,5869,1
82,82,6724,5504,1
82,82,6724,5163,1
82,82,6724,5580,1
82,82,6724,6092,1
82,82,6724,5450,1
82,82,6724,5517,1
82,82,6724,7451,1
82,82,6724,5526,1
82,82,6724,5061,1
82,82,6724,4809,1
82,82,6724,5302,1
82,82,6724,5818,1
82,82,6724,5543,1
82,82,6724,5074,1
82,82,6724,5424,1
82,82,6724,5612,1
82,82,6724,5825,1
82,82,6724,6035,1
82,82,6724,7575,1
82,82,6724,5394,1
82,82,6724,4525,1
82,82,6724,5406,1
82,82,6724,5338,1
82,82,6724,6625,1
82,82,6724,5385,1
82,82,6724,4976,1
82,82,6724,5096,1
82,82,6724,5902,1
82,82,6724,5573,1
82,82,6724,5244,1
82,82,6724,6882,1
82,82,6724,5356,1
82,82,6724,4434,1
82,82,6724,6760,1
82,82,6724,4715,1
82,82,6724,4574,1
82,82,6724,5659,1
82,82,6724,5822,1
82,82,6724,5643,1
82,82,6724,4880,1
82,82,6724,5949,1
82,82,6724,6261,1
82,82,6724,7630,1
82,82,6724,5515,1
82,82,6724,6159,1
82,82,6724,5499,1
82,82,6724,5668,1
82,82,6724,5220,1
82,82,6724,5454,1
82,82,6724,5167,1
83,83,6889,6289,1
83,83,6889,6348,1
83,83,6889,4728,1
83,83,6889,5625,1
83,83,6889,5380,1
83,83,6889,5646,1
83,83,6889,5607,1
83,83,6889,5317,1
83,83,6889,5016,1
83,83,6889,6946,1
83,83,6889,4791,1
83,83,6889,5003,1
83,83,6889,4647,1
83,83,6889,5833,1
83,83,6889,5100,1
83,83,6889,5649,1
83,83,6889,5182,1
83,83,6889,6201,1
83,83,6889,5717,1
83,83,6889,4860,1
83,83,6889,6843,1
83,83,6889,4718,1
83,83,6889,6181,1
83,83,6889,5476,1
83,83,6889,5345,1
83,83,6889,4811,1
83,83,6889,6368,1
83,83,6889,5619,1
83,83,6889,6322,1
83,83,6889,6214,1
83,83,6889,4882,1
83,83,6889,6538,1
83,83,6889,4956,1
83,83,6889,5537,1
83,83,6889,4645,1
83,83,6889,5757,1
83,83,6889,5855,1
83,83,6889,5592,1
83,83,6889,5252,1
83,83,6889,5663,1
83,83,6889,6045,1
83,83,6889,5698,1
83,83,6889,5050,1
83,83,6889,5429,1
83,83,6889,5800,1
83,83,6889,5832,1
83,83,6889,5815,1
83,83,6889,4752,1
83,83,6889,5698,1
83,83,6889,5561,1
83,83,6889,5266,1
83,83,6889,6239,1
83,83,6889,5325,1
83,83,6889,5849,1
83,83,6889,6148,1
83,83,6889,5863,1
83,83,6889,5453,1
83,83,6889,4997,1
83,83,6889,5131,1
83,83,6889,5974,1
83,83,6889,6033,1
83,83,6889,6662,1
83,83,6889,7213,1
83,83,6889,6653,1
83,83,6889,5198,1
83,83,6889,6442,1
83,83,6889,6258,1
83,83,6889,6285,1
83,83,6889,5519,1
83,83,6889,6230,1
83,83,6889,5259,1
83,83,6889,6286,1
83,83,6889,5919,1
83,83,6889,5849,1
83,83,6889,6399,1
83,83,6889,5453,1
83,83,6889,6259,1
83,83,6889,7026,1
83,83,6889,5462,1
83,83,6889,5326,1
83,83,6889,5643,1
83,83,6889,5525,1
83,83,6889,5513,1
83,83,6889,4401,1
83,83,6889,4653,1
83,83,6889,5229,1
83,83,6889,6557,1
83,83,6889,5998,1
83,83,6889,6151,1
83,83,6889,5557,1
83,83,6889,6089,1
83,83,6889,5593,1
83,83,6889,4754,1
83,83,6889,6038,1
83,83,6889,6293,1
83,83,6889,5529,1
83,83,6889,4996,1
83,83,6889,6342,1
83,83,6889,5356,1
83,83,6889,5963,1
84,84,7056,5579,1
84,84,7056,6590,1
84,84,7056,5788,1
84,84,7056,6201,1
84,84,7056,5905,1
84,84,7056,5412,1
84,84,7056,7284,1
84,84,7056,6581,1
84,84,7056,6720,1
84,84,7056,4904,1
84,84,7056,5615,1
84,84,7056,5130,1
84,84,7056,6271,1
84,84,7056,5824,1
84,84,7056,5316,1
84,84,7056,5966,1
84,84,7056,5079,1
84,84,7056,5002,1
84,84,7056,6166,1
84,84,7056,6193,1
84,84,7056,6686,1
84,84,7056,6975,1
84,84,7056,5929,1
84,84,7056,5260,1
84,84,7056,5751,1
84,84,7056,5589,1
84,84,7056,6302,1
84,84,7056,6459,1
84,84,7056,6722,1
84,84,7056,5027,1
84,84,7056,6649,1
84,84,7056,5912,1
84,84,7056,6085,1
84,84,7056,7156,1
84,84,7056,6430,1
84,84,7056,5415,1
84,84,7056,5957,1
84,84,7056,5710,1
84,84,7056,5427,1
84,84,7056,5609,1
84,84,7056,4877,1
84,84,7056,7469,1
84,84,7056,6050,1
84,84,7056,7044,1
84,84,7056,6879,1
84,84,7056,4828,1
84,84,7056,5440,1
84,84,7056,6043,1
84,84,7056,6293,1
84,84,7056,6288,1
84,84,7056,6223,1
84,84,7056,5132,1
84,84,7056,5233,1
84,84,7056,5058,1
84,84,7056,6509,1
84,84,7056,5693,1
84,84,7056,5519,1
84,84,7056,5214,1
84,84,7056,6435,1
84,84,7056,6770,1
84,84,7056,5717,1
84,84,7056,6073,1
84,84,7056,5197,1
84,84,7056,5189,1
84,84,7056,5968,1
84,84,7056,6438,1
84,84,7056,5343,1
84,84,7056,5394,1
84,84,7056,6290,1
84,84,7056,4578,1
84,84,7056,5142,1
84,84,7056,7544,1
84,84,7056,5304,1
84,84,7056,5571,1
84,84,7056,5003,1
84,84,7056,6870,1
84,84,7056,5816,1
84,84,7056,6292,1
84,84,7056,5525,1
84,84,7056,6509,1
84,84,7056,5608,1
84,84,7056,5378,1
84,84,7056,5400,1
84,84,7056,5711,1
84,84,7056,6191,1
84,84,7056,6660,1
84,84,7056,6604,1
84,84,7056,5450,1
84,84,7056,6991,1
84,84,7056,4865,1
84,84,7056,7402,1
84,84,7056,6585,1
84,84,7056,5693,1
84,84,7056,5916,1
84,84,7056,6512,1
84,84,7056,5975,1
84,84,7056,7594,1
84,84,7056,6781,1
84,84,7056,5553,1
84,84,7056,5624,1
85,85,7225,5468,1
85,85,7225,6770,1
85,85,7225,6003,1
85,85,7225,6820,1
85,85,7225,5663,1
85,85,7225,6961,1
85,85,7225,5739,1
85,85,7225,5058,1
85,85,7225,6044,1
85,85,7225,5939,1
85,85,7225,6650,1
85,85,7225,5835,1
85,85,7225,5591,1
85,85,7225,5329,1
85,85,7225,5651,1
85,85,7225,6632,1
85,85,7225,6224,1
85,85,7225,7242,1
85,85,7225,7438,1
85,85,7225,7216,1
85,85,7225,6250,1
85,85,7225,6526,1
85,85,7225,6709,1
85,85,7225,5465,1
85,85,7225,7523,1
85,85,7225,5836,1
85,85,7225,6177,1
85,85,7225,5652,1
85,85,7225,6750,1
85,85,7225,6182,1
85,85,7225,6791,1
85,85,7225,6338,1
85,85,7225,5664,1
85,85,7225,6841,1
85,85,7225,7136,1
85,85,7225,5467,1
85,85,7225,7316,1
85,85,7225,5252,1
85,85,7225,6693,1
85,85,7225,7437,1
85,85,7225,6621,1
85,85,7225,5773,1
85,85,7225,5975,1
85,85,7225,5293,1
85,85,7225,7062,1
85,85,7225,5996,1
85,85,7225,4544,1
85,85,7225,5338,1
85,85,7225,5019,1
85,85,7225,7270,1
85,85,7225,5380,1
85,85,7225,7049,1
85,85,7225,4877,1
85,85,7225,4593,1
85,85,7225,6623,1
85,85,7225,6310,1
85,85,7225,8991,1
85,85,7225,6397,1
85,85,7225,5580,1
85,85,7225,6662,1
85,85,7225,6771,1
85,85,7225,6254,1
85,85,7225,6118,1
85,85,7225,5538,1
85,85,7225,5912,1
85,85,7225,5901,1
85,85,7225,6326,1
85,85,7225,7229,1
85,85,7225,5741,1
85,85,7225,5412,1
85,85,7225,6385,1
85,85,7225,5683,1
85,85,7225,6763,1
85,85,7225,7076,1
85,85,7225,5660,1
85,85,7225,5800,1
85,85,7225,7242,1
85,85,7225,6295,1
85,85,7225,6472,1
85,85,7225,5861,1
85,85,7225,6501,1
85,85,7225,6752,1
85,85,7225,6117,1
85,85,7225,5184,1
85,85,7225,6434,1
85,85,7225,5665,1
85,85,7225,9338,1
85,85,7225,6040,1
85,85,7225,6690,1
85,85,7225,6246,1
85,85,7225,6339,1
85,85,7225,7081,1
85,85,7225,5751,1
85,85,7225,5994,1
85,85,7225,5797,1
85,85,7225,6968,1
85,85,7225,5943,1
85,85,7225,5569,1
85,85,7225,6453,1
85,85,7225,5451,1
86,86,7396,6569,1
86,86,7396,5968,1
86,86,7396,5984,1
86,86,7396,6855,1
86,86,7396,5980,1
86,86,7396,6648,1
86,86,7396,6661,1
86,86,7396,6689,1
86,86,7396,6818,1
86,86,7396,6660,1
86,86,7396,5389,1
86,86,7396,7314,1
86,86,7396,6380,1
86,86,7396,7081,1
86,86,7396,7882,1
86,86,7396,6016,1
86,86,7396,6877,1
86,86,7396,6485,1
86,86,7396,6342,1
86,86,7396,5769,1
86,86,7396,6691,1
86,86,7396,6718,1
86,86,7396,7011,1
86,86,7396,6386,1
86,86,7396,6091,1
86,86,7396,6477,1
86,86,7396,5127,1
86,86,7396,6893,1
86,86,7396,5692,1
86,86,7396,5722,1
86,86,7396,7348,1
86,86,7396,6172,1
86,86,7396,4917,1
86,86,7396,6937,1
86,86,7396,5999,1
86,86,7396,6010,1
86,86,7396,5909,1
86,86,7396,5579,1
86,86,7396,5969,1
86,86,7396,5014,1
86,86,7396,5329,1
86,86,7396,7033,1
86,86,7396,6245,1
86,86,7396,5853,1
86,86,7396,5677,1
86,86,7396,6724,1
86,86,7396,5970,1
86,86,7396,5201,1
86,86,7396,7110,1
86,86,7396,6783,1
86,86,7396,6943,1
86,86,7396,5340,1
86,86,7396,6918,1
86,86,7396,6363,1
86,86,7396,6642,1
86,86,7396,6427,1
86,86,7396,5944,1
86,86,7396,6447,1
86,86,7396,6778,1
86,86,7396,6438,1
86,86,7396,6145,1
86,86,7396,6895,1
86,86,7396,7102,1
86,86,7396,5302,1
86,86,7396,7036,1
86,86,7396,4908,1
86,86,7396,5864,1
86,86,7396,5762,1
86,86,7396,5565,1
86,86,7396,7488,1
86,86,7396,7949,1
86,86,7396,5688,1
86,86,7396,6818,1
86,86,7396,6666,1
86,86,7396,6710,1
86,86,7396,6949,1
86,86,7396,6242,1
86,86,7396,7404,1
86,86,7396,7208,1
86,86,7396,6065,1
86,86,7396,6639,1
86,86,7396,5486,1
86,86,7396,5787,1
86,86,7396,7440,1
86,86,7396,5316,1
86,86,7396,5840,1
86,86,7396,6270,1
86,86,7396,6773,1
86,86,7396,6489,1
86,86,7396,6234,1
86,86,7396,5513,1
86,86,7396,6144,1
86,86,7396,7894,1
86,86,7396,6013,1
86,86,7396,6319,1
86,86,7396,6866,1
86,86,7396,7273,1
86,86,7396,5726,1
86,86,7396,6039,1
86,86,7396,6639,1
87,87,7569,6344,1
87,87,7569,6142,1
87,87,7569,6153,1
87,87,7569,6299,1
87,87,7569,6149,1
87,87,7569,7446,1
87,87,7569,6021,1
87,87,7569,6707,1
87,87,7569,5817,1
87,87,7569,6424,1
87,87,7569,6453,1
87,87,7569,6149,1
87,87,7569,7019,1
87,87,7569,6955,1
87,87,7569,7657,1
87,87,7569,6597,1
87,87,7569,5886,1
87,87,7569,6319,1
87,87,7569,5862,1
87,87,7569,5438,1
87,87,7569,6019,1
87,87,7569,6447,1
87,87,7569,5908,1
87,87,7569,7673,1
87,87,7569,6689,1
87,87,7569,7258,1
87,87,7569,6869,1
87,87,7569,5828,1
87,87,7569,5850,1
87,87,7569,6857,1
87,87,7569,5027,1
87,87,7569,6233,1
87,87,7569,5909,1
87,87,7569,7636,1
87,87,7569,7070,1
87,87,7569,5756,1
87,87,7569,5389,1
87,87,7569,6590,1
87,87,7569,4605,1
87,87,7569,7336,1
87,87,7569,5572,1
87,87,7569,5777,1
87,87,7569,7763,1
87,87,7569,6955,1
87,87,7569,5583,1
87,87,7569,5765,1
87,87,7569,6365,1
87,87,7569,6331,1
87,87,7569,6288,1
87,87,7569,5459,1
87,87,7569,8744,1
87,87,7569,5273,1
87,87,7569,5919,1
87,87,7569,5743,1
87,87,7569,6108,1
87,87,7569,6940,1
87,87,7569,6789,1
87,87,7569,6437,1
87,87,7569,6401,1
87,87,7569,7825,1
87,87,7569,6792,1
87,87,7569,6008,1
87,87,7569,7194,1
87,87,7569,6464,1
87,87,7569,6900,1
87,87,7569,6666,1
87,87,7569,6922,1
87,87,7569,6131,1
87,87,7569,7058,1
87,87,7569,6341,1
87,87,7569,6546,1
87,87,7569,6102,1
87,87,7569,6741,1
87,87,7569,6808,1
87,87,7569,6577,1
87,87,7569,6161,1
87,87,7569,7234,1
87,87,7569,5784,1
87,87,7569,6664,1
87,87,7569,7758,1
87,87,7569,7113,1
87,87,7569,7285,1
87,87,7569,6521,1
87,87,7569,6386,1
87,87,7569,5696,1
87,87,7569,7112,1
87,87,7569,6688,1
87,87,7569,5748,1
87,87,7569,6097,1
87,87,7569,7003,1
87,87,7569,6406,1
87,87,7569,5949,1
87,87,7569,6216,1
87,87,7569,5177,1
87,87,7569,8221,1
87,87,7569,6150,1
87,87,7569,7709,1
87,87,7569,8269,1
87,87,7569,6308,1
87,87,7569,7823,1
88,88,7744,6326,1
88,88,7744,6044,1
88,88,7744,6546,1
88,88,7744,6935,1
88,88,7744,7258,1
88,88,7744,5947,1
88,88,7744,7500,1
88,88,7744,5193,1
88,88,7744,7290,1
88,88,7744,7575,1
88,88,7744,7403,1
88,88,7744,7996,1
88,88,7744,6866,1
88,88,7744,6710,1
88,88,7744,6557,1
88,88,7744,6644,1
88,88,7744,5311,1
88,88,7744,6720,1
88,88,7744,5568,1
88,88,7744,5155,1
88,88,7744,6348,1
88,88,7744,7010,1
88,88,7744,5689,1
88,88,7744,6739,1
88,88,7744,5491,1
88,88,7744,6204,1
88,88,7744,7164,1
88,88,7744,6001,1
88,88,7744,5682,1
88,88,7744,6122,1
88,88,7744,7016,1
88,88,7744,6149,1
88,88,7744,6843,1
88,88,7744,6158,1
88,88,7744,6473,1
88,88,7744,6419,1
88,88,7744,8068,1
88,88,7744,6172,1
88,88,7744,5949,1
88,88,7744,7664,1
88,88,7744,7703,1
88,88,7744,7376,1
88,88,7744,6283,1
88,88,7744,5323,1
88,88,7744,6361,1
88,88,7744,6458,1
88,88,7744,6102,1
88,88,7744,8725,1
88,88,7744,6833,1
88,88,7744,7742,1
88,88,7744,5843,1
88,88,7744,5502,1
88,88,7744,7421,1
88,88,7744,6614,1
88,88,7744,6531,1
88,88,7744,6451,1
88,88,7744,7333,1
88,88,7744,5954,1
88,88,7744,6572,1
88,88,7744,5772,1
88,88,7744,7289,1
88,88,7744,8263,1
88,88,7744,7879,1
88,88,7744,7119,1
88,88,7744,6362,1
88,88,7744,6593,1
88,88,7744,6611,1
88,88,7744,5654,1
88,88,7744,7335,1
88,88,7744,6493,1
88,88,7744,7634,1
88,88,7744,8072,1
88,88,7744,6236,1
88,88,7744,6793,1
88,88,7744,6439,1
88,88,7744,6710,1
88,88,7744,5406,1
88,88,7744,6467,1
88,88,7744,7347,1
88,88,7744,6722,1
88,88,7744,7142,1
88,88,7744,7226,1
88,88,7744,6498,1
88,88,7744,5691,1
88,88,7744,5819,1
88,88,7744,6237,1
88,88,7744,5902,1
88,88,7744,5848,1
88,88,7744,5393,1
88,88,7744,6198,1
88,88,7744,6520,1
88,88,7744,7326,1
88,88,7744,7466,1
88,88,7744,5748,1
88,88,7744,5680,1
88,88,7744,5866,1
88,88,7744,5622,1
88,88,7744,6741,1
88,88,7744,6260,1
88,88,7744,6243,1
89,89,7921,5494,1
89,89,7921,7873,1
89,89,7921,5451,1
89,89,7921,6267,1
89,89,7921,6919,1
89,89,7921,6314,1
89,89,7921,7249,1
89,89,7921,7091,1
89,89,7921,7296,1
89,89,7921,6912,1
89,89,7921,7082,1
89,89,7921,6434,1
89,89,7921,5410,1
89,89,7921,6747,1
89,89,7921,6108,1
89,89,7921,8653,1
89,89,7921,7631,1
89,89,7921,6873,1
89,89,7921,7362,1
89,89,7921,6489,1
89,89,7921,6649,1
89,89,7921,7356,1
89,89,7921,7133,1
89,89,7921,6647,1
89,89,7921,6336,1
89,89,7921,5677,1
89,89,7921,8041,1
89,89,7921,7333,1
89,89,7921,7290,1
89,89,7921,6354,1
89,89,7921,6719,1
89,89,7921,6341,1
89,89,7921,6512,1
89,89,7921,6119,1
89,89,7921,8021,1
89,89,7921,6603,1
89,89,7921,6646,1
89,89,7921,6658,1
89,89,7921,6494,1
89,89,7921,7668,1
89,89,7921,6001,1
89,89,7921,5560,1
89,89,7921,6211,1
89,89,7921,5914,1
89,89,7921,5918,1
89,89,7921,7164,1
89,89,7921,6713,1
89,89,7921,7568,1
89,89,7921,7091,1
89,89,7921,7482,1
89,89,7921,6322,1
89,89,7921,7069,1
89,89,7921,6724,1
89,89,7921,6892,1
89,89,7921,5855,1
89,89,7921,6864,1
89,89,7921,7586,1
89,89,7921,7068,1
89,89,7921,5350,1
89,89,7921,7155,1
89,89,7921,6766,1
89,89,7921,7968,1
89,89,7921,7847,1
89,89,7921,8057,1
89,89,7921,5616,1
89,89,7921,6834,1
89,89,7921,8226,1
89,89,7921,7257,1
89,89,7921,8554,1
89,89,7921,7192,1
89,89,7921,5319,1
89,89,7921,6588,1
89,89,7921,6664,1
89,89,7921,6832,1
89,89,7921,6141,1
89,89,7921,6445,1
89,89,7921,6099,1
89,89,7921,7149,1
89,89,7921,6703,1
89,89,7921,7247,1
89,89,7921,6009,1
89,89,7921,5932,1
89,89,7921,6499,1
89,89,7921,8037,1
89,89,7921,7021,1
89,89,7921,6348,1
89,89,7921,6061,1
89,89,7921,7796,1
89,89,7921,5986,1
89,89,7921,7000,1
89,89,7921,6550,1
89,89,7921,7177,1
89,89,7921,7002,1
89,89,7921,8070,1
89,89,7921,6626,1
89,89,7921,6015,1
89,89,7921,6383,1
89,89,7921,7822,1
89,89,7921,5908,1
89,89,7921,8832,1
90,90,8100,7893,1
90,90,8100,6583,1
90,90,8100,5634,1
90,90,8100,8074,1
90,90,8100,6795,1
90,90,8100,5933,1
90,90,8100,7322,1
90,90,8100,7973,1
90,90,8100,7221,1
90,90,8100,6728,1
90,90,8100,6072,1
90,90,8100,7442,1
90,90,8100,6600,1
90,90,8100,6778,1
90,90,8100,7465,1
90,90,8100,6632,1
90,90,8100,7350,1
90,90,8100,6149,1
90,90,8100,7116,1
90,90,8100,7502,1
90,90,8100,6902,1
90,90,8100,7143,1
90,90,8100,7784,1
90,90,8100,7259,1
90,90,8100,7644,1
90,90,8100,6789,1
90,90,8100,7079,1
90,90,8100,7026,1
90,90,8100,8549,1
90,90,8100,6538,1
90,90,8100,6616,1
90,90,8100,7565,1
90,90,8100,6609,1
90,90,8100,6645,1
90,90,8100,6368,1
90,90,8100,6885,1
90,90,8100,6509,1
90,90,8100,6463,1
90,90,8100,7802,1
90,90,8100,7336,1
90,90,8100,7448,1
90,90,8100,5957,1
90,90,8100,5926,1
90,90,8100,6926,1
90,90,8100,7448,1
90,90,8100,7023,1
90,90,8100,5986,1
90,90,8100,7682,1
90,90,8100,5746,1
90,90,8100,6862,1
90,90,8100,6098,1
90,90,8100,6777,1
90,90,8100,6680,1
90,90,8100,5833,1
90,90,8100,7446,1
90,90,8100,8183,1
90,90,8100,8844,1
90,90,8100,6698,1
90,90,8100,7675,1
90,90,8100,8031,1
90,90,8100,7076,1
90,90,8100,6349,1
90,90,8100,7150,1
90,90,8100,8233,1
90,90,8100,6560,1
90,90,8100,6804,1
90,90,8100,7089,1
90,90,8100,6664,1
90,90,8100,7259,1
90,90,8100,8013,1
90,90,8100,6703,1
90,90,8100,6696,1
90,90,8100,7999,1
90,90,8100,6830,1
90,90,8100,7293,1
90,90,8100,7440,1
90,90,8100,6866,1
90,90,8100,7976,1
90,90,8100,7999,1
90,90,8100,5835,1
90,90,8100,7699,1
90,90,8100,5780,1
90,90,8100,8107,1
90,90,8100,7729,1
90,90,8100,6203,1
90,90,8100,6789,1
90,90,8100,6806,1
90,90,8100,7210,1
90,90,8100,7878,1
90,90,8100,7691,1
90,90,8100,6345,1
90,90,8100,6673,1
90,90,8100,5349,1
90,90,8100,6052,1
90,90,8100,7892,1
90,90,8100,7631,1
90,90,8100,6461,1
90,90,8100,6243,1
90,90,8100,7005,1
90,90,8100,6792,1
91,91,8281,6596,1
91,91,8281,6810,1
91,91,8281,6811,1
91,91,8281,6099,1
91,91,8281,7677,1
91,91,8281,6881,1
91,91,8281,6647,1
91,91,8281,7173,1
91,91,8281,8461,1
91,91,8281,8706,1
91,91,8281,6779,1
91,91,8281,6878,1
91,91,8281,5336,1
91,91,8281,7734,1
91,91,8281,8445,1
91,91,8281,7800,1
91,91,8281,8219,1
91,91,8281,7150,1
91,91,8281,6324,1
91,91,8281,7552,1
91,91,8281,7108,1
91,91,8281,6818,1
91,91,8281,7394,1
91,91,8281,6628,1
91,91,8281,7120,1
91,91,8281,7318,1
91,91,8281,8129,1
91,91,8281,5456,1
91,91,8281,6671,1
91,91,8281,7963,1
91,91,8281,6748,1
91,91,8281,6451,1
91,91,8281,7673,1
91,91,8281,6611,1
91,91,8281,6025,1
91,91,8281,6648,1
91,91,8281,6314,1
91,91,8281,7287,1
91,91,8281,5784,1
91,91,8281,6850,1
91,91,8281,6668,1
91,91,8281,6333,1
91,91,8281,7473,1
91,91,8281,5482,1
91,91,8281,6650,1
91,91,8281,7509,1
91,91,8281,6527,1
91,91,8281,7813,1
91,91,8281,5812,1
91,91,8281,7652,1
91,91,8281,7076,1
91,91,8281,7063,1
91,91,8281,5447,1
91,91,8281,7329,1
91,91,8281,7085,1
91,91,8281,6945,1
91,91,8281,6534,1
91,91,8281,8620,1
91,91,8281,6281,1
91,91,8281,6306,1
91,91,8281,6926,1
91,91,8281,6154,1
91,91,8281,6438,1
91,91,8281,6694,1
91,91,8281,5907,1
91,91,8281,7369,1
91,91,8281,6076,1
91,91,8281,7293,1
91,91,8281,5690,1
91,91,8281,6417,1
91,91,8281,6667,1
91,91,8281,5637,1
91,91,8281,7353,1
91,91,8281,7653,1
91,91,8281,7523,1
91,91,8281,6623,1
91,91,8281,9341,1
91,91,8281,6844,1
91,91,8281,6992,1
91,91,8281,7299,1
91,91,8281,6984,1
91,91,8281,6942,1
91,91,8281,7441,1
91,91,8281,5881,1
91,91,8281,6091,1
91,91,8281,7735,1
91,91,8281,8356,1
91,91,8281,8105,1
91,91,8281,7924,1
91,91,8281,6393,1
91,91,8281,6246,1
91,91,8281,7192,1
91,91,8281,8396,1
91,91,8281,6601,1
91,91,8281,7105,1
91,91,8281,8431,1
91,91,8281,8025,1
91,91,8281,6824,1
91,91,8281,7883,1
91,91,8281,6560,1
92,92,8464,8578,1
92,92,8464,8397,1
92,92,8464,7643,1
92,92,8464,7872,1
92,92,8464,6734,1
92,92,8464,6991,1
92,92,8464,8093,1
92,92,8464,7119,1
92,92,8464,8496,1
92,92,8464,7012,1
92,92,8464,6100,1
92,92,8464,6588,1
92,92,8464,8633,1
92,92,8464,7512,1
92,92,8464,6316,1
92,92,8464,6946,1
92,92,8464,8918,1
92,92,8464,7220,1
92,92,8464,6468,1
92,92,8464,7973,1
92,92,8464,7101,1
92,92,8464,6190,1
92,92,8464,7227,1
92,92,8464,7223,1
92,92,8464,6918,1
92,92,8464,7930,1
92,92,8464,6063,1
92,92,8464,6571,1
92,92,8464,7285,1
92,92,8464,7332,1
92,92,8464,7519,1
92,92,8464,7230,1
92,92,8464,5963,1
92,92,8464,8143,1
92,92,8464,7576,1
92,92,8464,7250,1
92,92,8464,6100,1
92,92,8464,6050,1
92,92,8464,6591,1
92,92,8464,7596,1
92,92,8464,8141,1
92,92,8464,7369,1
92,92,8464,7447,1
92,92,8464,7678,1
92,92,8464,8054,1
92,92,8464,7278,1
92,92,8464,7726,1
92,92,8464,5471,1
92,92,8464,7922,1
92,92,8464,8880,1
92,92,8464,6688,1
92,92,8464,7803,1
92,92,8464,7354,1
92,92,8464,5992,1
92,92,8464,7584,1
92,92,8464,7189,1
92,92,8464,6549,1
92,92,8464,5950,1
92,92,8464,6792,1
92,92,8464,7763,1
92,92,8464,7137,1
92,92,8464,6245,1
92,92,8464,6334,1
92,92,8464,7057,1
92,92,8464,7543,1
92,92,8464,7925,1
92,92,8464,8144,1
92,92,8464,7464,1
92,92,8464,7043,1
92,92,8464,6466,1
92,92,8464,8019,1
92,92,8464,7418,1
92,92,8464,8526,1
92,92,8464,7466,1
92,92,8464,9214,1
92,92,8464,7884,1
92,92,8464,8398,1
92,92,8464,7705,1
92,92,8464,7241,1
92,92,8464,6978,1
92,92,8464,7037,1
92,92,8464,7922,1
92,92,8464,6838,1
92,92,8464,7414,1
92,92,8464,7135,1
92,92,8464,8365,1
92,92,8464,5377,1
92,92,8464,7305,1
92,92,8464,7939,1
92,92,8464,7997,1
92,92,8464,7608,1
92,92,8464,5842,1
92,92,8464,7253,1
92,92,8464,8892,1
92,92,8464,7378,1
92,92,8464,7033,1
92,92,8464,7402,1
92,92,8464,7460,1
92,92,8464,7822,1
92,92,8464,7205,1
93,93,8649,7421,1
93,93,8649,7328,1
93,93,8649,8198,1
93,93,8649,6981,1
93,93,8649,7607,1
93,93,8649,7261,1
93,93,8649,7152,1
93,93,8649,7736,1
93,93,8649,6253,1
93,93,8649,6323,1
93,93,8649,7860,1
93,93,8649,7229,1
93,93,8649,8190,1
93,93,8649,6757,1
93,93,8649,7604,1
93,93,8649,6402,1
93,93,8649,8047,1
93,93,8649,6974,1
93,93,8649,7737,1
93,93,8649,7662,1
93,93,8649,7615,1
93,93,8649,5529,1
93,93,8649,8175,1
93,93,8649,7841,1
93,93,8649,6620,1
93,93,8649,7376,1
93,93,8649,8105,1
93,93,8649,7451,1
93,93,8649,8535,1
93,93,8649,7046,1
93,93,8649,6727,1
93,93,8649,6502,1
93,93,8649,6887,1
93,93,8649,7671,1
93,93,8649,10000,0
93,93,8649,7239,1
93,93,8649,8024,1
93,93,8649,6673,1
93,93,8649,7145,1
93,93,8649,7196,1
93,93,8649,6474,1
93,93,8649,8482,1
93,93,8649,8987,1
93,93,8649,8077,1
93,93,8649,6775,1
93,93,8649,7250,1
93,93,8649,7140,1
93,93,8649,8128,1
93,93,8649,7167,1
93,93,8649,7219,1
93,93,8649,7885,1
93,93,8649,7001,1
93,93,8649,8004,1
93,93,8649,7161,1
93,93,8649,7535,1
93,93,8649,8226,1
93,93,8649,7921,1
93,93,8649,7816,1
93,93,8649,6415,1
93,93,8649,6664,1
93,93,8649,7002,1
93,93,8649,8107,1
93,93,8649,6416,1
93,93,8649,7791,1
93,93,8649,7617,1
93,93,8649,7602,1
93,93,8649,7745,1
93,93,8649,7773,1
93,93,8649,8221,1
93,93,8649,7597,1
93,93,8649,7648,1
93,93,8649,7183,1
93,93,8649,9017,1
93,93,8649,7212,1
93,93,8649,7294,1
93,93,8649,7107,1
93,93,8649,6551,1
93,93,8649,7357,1
93,93,8649,7768,1
93,93,8649,6830,1
93,93,8649,5831,1
93,93,8649,6872,1
93,93,8649,7489,1
93,93,8649,9302,1
93,93,8649,7640,1
93,93,8649,6830,1
93,93,8649,7341,1
93,93,8649,7519,1
93,93,8649,9066,1
93,93,8649,6315,1
93,93,8649,7567,1
93,93,8649,7835,1
93,93,8649,8038,1
93,93,8649,5967,1
93,93,8649,6861,1
93,93,8649,7336,1
93,93,8649,6956,1
93,93,8649,7244,1
93,93,8649,7975,1
93,93,8649,7855,1
94,94,8836,7565,1
94,94,8836,7555,1
94,94,8836,7972,1
94,94,8836,8342,1
94,94,8836,6688,1
94,94,8836,7798,1
94,94,8836,8102,1
94,94,8836,8287,1
94,94,8836,7279,1
94,94,8836,9534,1
94,94,8836,6624,1
94,94,8836,7914,1
94,94,8836,10000,0
94,94,8836,8257,1
94,94,8836,7572,1
94,94,8836,8754,1
94,94,8836,8523,1
94,94,8836,8334,1
94,94,8836,8074,1
94,94,8836,7983,1
94,94,8836,7190,1
94,94,8836,6586,1
94,94,8836,9201,1
94,94,8836,6568,1
94,94,8836,8086,1
94,94,8836,8065,1
94,94,8836,7292,1
94,94,8836,7341,1
94,94,8836,7402,1
94,94,8836,8763,1
94,94,8836,6821,1
94,94,8836,8413,1
94,94,8836,8098,1
94,94,8836,6326,1
94,94,8836,7761,1
94,94,8836,8084,1
94,94,8836,7748,1
94,94,8836,7204,1
94,94,8836,6775,1
94,94,8836,9652,1
94,94,8836,8095,1
94,94,8836,7250,1
94,94,8836,8341,1
94,94,8836,6307,1
94,94,8836,9172,1
94,94,8836,7718,1
94,94,8836,6416,1
94,94,8836,7043,1
94,94,8836,7422,1
94,94,8836,8932,1
94,94,8836,9005,1
94,94,8836,6989,1
94,94,8836,7173,1
94,94,8836,8131,1
94,94,8836,8198,1
94,94,8836,8443,1
94,94,8836,7487,1
94,94,8836,7492,1
94,94,8836,7864,1
94,94,8836,7558,1
94,94,8836,6993,1
94,94,8836,8813,1
94,94,8836,7850,1
94,94,8836,8006,1
94,94,8836,7141,1
94,94,8836,6658,1
94,94,8836,8414,1
94,94,8836,6870,1
94,94,8836,6898,1
94,94,8836,7511,1
94,94,8836,7957,1
94,94,8836,8036,1
94,94,8836,7833,1
94,94,8836,7370,1
94,94,8836,6546,1
94,94,8836,9002,1
94,94,8836,8785,1
94,94,8836,10000,0
94,94,8836,7734,1
94,94,8836,8463,1
94,94,8836,9015,1
94,94,8836,6004,1
94,94,8836,7942,1
94,94,8836,8337,1
94,94,8836,9186,1
94,94,8836,7443,1
94,94,8836,6942,1
94,94,8836,7831,1
94,94,8836,7575,1
94,94,8836,8771,1
94,94,8836,7953,1
94,94,8836,6928,1
94,94,8836,8057,1
94,94,8836,8049,1
94,94,8836,5843,1
94,94,8836,8567,1
94,94,8836,7301,1
94,94,8836,9362,1
94,94,8836,7508,1
94,94,8836,8963,1
95,95,9025,6516,1
95,95,9025,7958,1
95,95,9025,7612,1
95,95,9025,7171,1
95,95,9025,8696,1
95,95,9025,7437,1
95,95,9025,8568,1
95,95,9025,6283,1
95,95,9025,7637,1
95,95,9025,7721,1
95,95,9025,7831,1
95,95,9025,8453,1
95,95,9025,8781,1
95,95,9025,8308,1
95,95,9025,8159,1
95,95,9025,8942,1
95,95,9025,8027,1
95,95,9025,6675,1
95,95,9025,7476,1
95,95,9025,8322,1
95,95,9025,7141,1
95,95,9025,8360,1
95,95,9025,7028,1
95,95,9025,6774,1
95,95,9025,7620,1
95,95,9025,7378,1
95,95,9025,7421,1
95,95,9025,6765,1
95,95,9025,7717,1
95,95,9025,6735,1
95,95,9025,7032,1
95,95,9025,6757,1
95,95,9025,6406,1
95,95,9025,7549,1
95,95,9025,7832,1
95,95,9025,8439,1
95,95,9025,7017,1
95,95,9025,7469,1
95,95,9025,7994,1
95,95,9025,7662,1
95,95,9025,9324,1
95,95,9025,8121,1
95,95,9025,7398,1
95,95,9025,6714,1
95,95,9025,7027,1
95,95,9025,6843,1
95,95,9025,7231,1
95,95,9025,7251,1
95,95,9025,9659,1
95,95,9025,7508,1
95,95,9025,6857,1
95,95,9025,6941,1
95,95,9025,8995,1
95,95,9025,7865,1
95,95,9025,7463,1
95,95,9025,8018,1
95,95,9025,7105,1
95,95,9025,7700,1
95,95,9025,7006,1
95,95,9025,7489,1
95,95,9025,7061,1
95,95,9025,7329,1
95,95,9025,6640,1
95,95,9025,8522,1
95,95,9025,8245,1
95,95,9025,9571,1
95,95,9025,6955,1
95,95,9025,7906,1
95,95,9025,9891,1
95,95,9025,7872,1
95,95,9025,7682,1
95,95,9025,8327,1
95,95,9025,9494,1
95,95,9025,7464,1
95,95,9025,6861,1
95,95,9025,7192,1
95,95,9025,7844,1
95,95,9025,8462,1
95,95,9025,7361,1
95,95,9025,6385,1
95,95,9025,7435,1
95,95,9025,7038,1
95,95,9025,6100,1
95,95,9025,8108,1
95,95,9025,7517,1
95,95,9025,7758,1
95,95,9025,7074,1
95,95,9025,8688,1
95,95,9025,7201,1
95,95,9025,8387,1
95,95,9025,8935,1
95,95,9025,7713,1
95,95,9025,7593,1
95,95,9025,7122,1
95,95,9025,8035,1
95,95,9025,7668,1
95,95,9025,7391,1
95,95,9025,7986,1
95,95,9025,9568,1
95,95,9025,7044,1
96,96,9216,6077,1
96,96,9216,10000,0
96,96,9216,7947,1
96,96,9216,8312,1
96,96,9216,7821,1
96,96,9216,6998,1
96,96,9216,8864,1
96,96,9216,8212,1
96,96,9216,7101,1
96,96,9216,7810,1
96,96,9216,7117,1
96,96,9216,6939,1
96,96,9216,7600,1
96,96,9216,7168,1
96,96,9216,7649,1
96,96,9216,6672,1
96,96,9216,8486,1
96,96,9216,7885,1
96,96,9216,8726,1
96,96,9216,8211,1
96,96,9216,9174,1
96,96,9216,8077,1
96,96,9216,8120,1
96,96,9216,10000,0
96,96,9216,8604,1
96,96,9216,7517,1
96,96,9216,7031,1
96,96,9216,6423,1
96,96,9216,8486,1
96,96,9216,9137,1
96,96,9216,7896,1
96,96,9216,8395,1
96,96,9216,7899,1
96,96,9216,5947,1
96,96,9216,6890,1
96,96,9216,7773,1
96,96,9216,8495,1
96,96,9216,9024,1
96,96,9216,8366,1
96,96,9216,7579,1
96,96,9216,7743,1
96,96,9216,8585,1
96,96,9216,8773,1
96,96,9216,7038,1
96,96,9216,8531,1
96,96,9216,8050,1
96,96,9216,8045,1
96,96,9216,7472,1
96,96,9216,10000,0
96,96,9216,8452,1
96,96,9216,8887,1
96,96,9216,7940,1
96,96,9216,8650,1
96,96,9216,7798,1
96,96,9216,7660,1
96,96,9216,7856,1
96,96,9216,8425,1
96,96,9216,7177,1
96,96,9216,6832,1
96,96,9216,8973,1
96,96,9216,7721,1
96,96,9216,6889,1
96,96,9216,8152,1
96,96,9216,8055,1
96,96,9216,9094,1
96,96,9216,8355,1
96,96,9216,7947,1
96,96,9216,8750,1
96,96,9216,9315,1
96,96,9216,6743,1
96,96,9216,7730,1
96,96,9216,7892,1
96,96,9216,6432,1
96,96,9216,6637,1
96,96,9216,6503,1
96,96,9216,7532,1
96,96,9216,8155,1
96,96,9216,7147,1
96,96,9216,8443,1
96,96,9216,7549,1
96,96,9216,8229,1
96,96,9216,8482,1
96,96,9216,7688,1
96,96,9216,7622,1
96,96,9216,7970,1
96,96,9216,8203,1
96,96,9216,9717,1
96,96,9216,6420,1
96,96,9216,8062,1
96,96,9216,8165,1
96,96,9216,8314,1
96,96,9216,9567,1
96,96,9216,9517,1
96,96,9216,8940,1
96,96,9216,8478,1
96,96,9216,7591,1
96,96,9216,7860,1
96,96,9216,7152,1
96,96,9216,9269,1
96,96,9216,8590,1
97,97,9409,9538,1
97,97,9409,8443,1
97,97,9409,9340,1
97,97,9409,8173,1
97,97,9409,8076,1
97,97,9409,9491,1
97,97,9409,6672,1
97,97,9409,8172,1
97,97,9409,8104,1
97,97,9409,8473,1
97,97,9409,7992,1
97,97,9409,10000,0
97,97,9409,8870,1
97,97,9409,9004,1
97,97,9409,9080,1
97,97,9409,9700,1
97,97,9409,7230,1
97,97,9409,8150,1
97,97,9409,8384,1
97,97,9409,6931,1
97,97,9409,9209,1
97,97,9409,7275,1
97,97,9409,7371,1
97,97,9409,7749,1
97,97,9409,7502,1
97,97,9409,7996,1
97,97,9409,9581,1
97,97,9409,8611,1
97,97,9409,7254,1
97,97,9409,8279,1
97,97,9409,8941,1
97,97,9409,10000,0
97,97,9409,7884,1
97,97,9409,8341,1
97,97,9409,9591,1
97,97,9409,8100,1
97,97,9409,8344,1
97,97,9409,8010,1
97,97,9409,8965,1
97,97,9409,7713,1
97,97,9409,9436,1
97,97,9409,7299,1
97,97,9409,7265,1
97,97,9409,8512,1
97,97,9409,7335,1
97,97,9409,8303,1
97,97,9409,8357,1
97,97,9409,8028,1
97,97,9409,8203,1
97,97,9409,7285,1
97,97,9409,8079,1
97,97,9409,7825,1
97,97,9409,8846,1
97,97,9409,8798,1
97,97,9409,7979,1
97,97,9409,9082,1
97,97,9409,8754,1
97,97,9409,8626,1
97,97,9409,8510,1
97,97,9409,6868,1
97,97,9409,8311,1
97,97,9409,7596,1
97,97,9409,8220,1
97,97,9409,6531,1
97,97,9409,8763,1
97,97,9409,8619,1
97,97,9409,8162,1
97,97,9409,9341,1
97,97,9409,7476,1
97,97,9409,7235,1
97,97,9409,9755,1
97,97,9409,8891,1
97,97,9409,9119,1
97,97,9409,8512,1
97,97,9409,8249,1
97,97,9409,8396,1
97,97,9409,8075,1
97,97,9409,7079,1
97,97,9409,8722,1
97,97,9409,7936,1
97,97,9409,8065,1
97,97,9409,7339,1
97,97,9409,8388,1
97,97,9409,8330,1
97,97,9409,6840,1
97,97,9409,8137,1
97,97,9409,8258,1
97,97,9409,7981,1
97,97,9409,8104,1
97,97,9409,9228,1
97,97,9409,5801,1
97,97,9409,6861,1
97,97,9409,7230,1
97,97,9409,8510,1
97,97,9409,8332,1
97,97,9409,6550,1
97,97,9409,8373,1
97,97,9409,8431,1
97,97,9409,7930,1
97,97,9409,6549,1
98,98,9604,7273,1
98,98,9604,7520,1
98,98,9604,7913,1
98,98,9604,8844,1
98,98,9604,10000,0
98,98,9604,9544,1
98,98,9604,8260,1
98,98,9604,7740,1
98,98,9604,7977,1
98,98,9604,8856,1
98,98,9604,8837,1
98,98,9604,7352,1
98,98,9604,9394,1
98,98,9604,8173,1
98,98,9604,7990,1
98,98,9604,8670,1
98,98,9604,8115,1
98,98,9604,9300,1
98,98,9604,9837,1
98,98,9604,8560,1
98,98,9604,9280,1
98,98,9604,8572,1
98,98,9604,8155,1
98,98,9604,8872,1
98,98,9604,6991,1
98,98,9604,7986,1
98,98,9604,8737,1
98,98,9604,8715,1
98,98,9604,8937,1
98,98,9604,8901,1
98,98,9604,7942,1
98,98,9604,8643,1
98,98,9604,8571,1
98,98,9604,9200,1
98,98,9604,7686,1
98,98,9604,9318,1
98,98,9604,6897,1
98,98,9604,8579,1
98,98,9604,9183,1
98,98,9604,8617,1
98,98,9604,8526,1
98,98,9604,8974,1
98,98,9604,7054,1
98,98,9604,7914,1
98,98,9604,7856,1
98,98,9604,8706,1
98,98,9604,10000,0
98,98,9604,8831,1
98,98,9604,9511,1
98,98,9604,8641,1
98,98,9604,7149,1
98,98,9604,8514,1
98,98,9604,9400,1
98,98,9604,7672,1
98,98,9604,8977,1
98,98,9604,9471,1
98,98,9604,9286,1
98,98,9604,8065,1
98,98,9604,6758,1
98,98,9604,5766,1
98,98,9604,7585,1
98,98,9604,8062,1
98,98,9604,7485,1
98,98,9604,8673,1
98,98,9604,8176,1
98,98,9604,7654,1
98,98,9604,7961,1
98,98,9604,8955,1
98,98,9604,8522,1
98,98,9604,7710,1
98,98,9604,7035,1
98,98,9604,9318,1
98,98,9604,9407,1
98,98,9604,9229,1
98,98,9604,7490,1
98,98,9604,8186,1
98,98,9604,7537,1
98,98,9604,9036,1
98,98,9604,9080,1
98,98,9604,7614,1
98,98,9604,9151,1
98,98,9604,6923,1
98,98,9604,8235,1
98,98,9604,9007,1
98,98,9604,8483,1
98,98,9604,8667,1
98,98,9604,8967,1
98,98,9604,8722,1
98,98,9604,8618,1
98,98,9604,8038,1
98,98,9604,6783,1
98,98,9604,7792,1
98,98,9604,8520,1
98,98,9604,7252,1
98,98,9604,7726,1
98,98,9604,8525,1
98,98,9604,8149,1
98,98,9604,7381,1
98,98,9604,8258,1
98,98,9604,7708,1
99,99,9801,9734,1
99,99,9801,9115,1
99,99,9801,7773,1
99,99,9801,8352,1
99,99,9801,7978,1
99,99,9801,8092,1
99,99,9801,8031,1
99,99,9801,10000,0
99,99,9801,6967,1
99,99,9801,9064,1
99,99,9801,8348,1
99,99,9801,9095,1
99,99,9801,8745,1
99,99,9801,8768,1
99,99,9801,9480,1
99,99,9801,8728,1
99,99,9801,9480,1
99,99,9801,8186,1
99,99,9801,9987,1
99,99,9801,8646,1
99,99,9801,7613,1
99,99,9801,7491,1
99,99,9801,7773,1
99,99,9801,9166,1
99,99,9801,8550,1
99,99,9801,7944,1
99,99,9801,7748,1
99,99,9801,8454,1
99,99,9801,9832,1
99,99,9801,8394,1
99,99,9801,8131,1
99,99,9801,8348,1
99,99,9801,8643,1
99,99,9801,9189,1
99,99,9801,9012,1
99,99,9801,9437,1
99,99,9801,7316,1
99,99,9801,9311,1
99,99,9801,9455,1
99,99,9801,6524,1
99,99,9801,8931,1
99,99,9801,7885,1
99,99,9801,8243,1
99,99,9801,7861,1
99,99,9801,8947,1
99,99,9801,8427,1
99,99,9801,8882,1
99,99,9801,8807,1
99,99,9801,7981,1
99,99,9801,9162,1
99,99,9801,10000,0
99,99,9801,8440,1
99,99,9801,7715,1
99,99,9801,10000,0
99,99,9801,9119,1
99,99,9801,9608,1
99,99,9801,10000,0
99,99,9801,7990,1
99,99,9801,8850,1
99,99,9801,9952,1
99,99,9801,10000,0
99,99,9801,7986,1
99,99,9801,9984,1
99,99,9801,8383,1
99,99,9801,8538,1
99,99,9801,8982,1
99,99,9801,8727,1
99,99,9801,10000,0
99,99,9801,8078,1
99,99,9801,7968,1
99,99,9801,7872,1
99,99,9801,8535,1
99,99,9801,8749,1
99,99,9801,8097,1
99,99,9801,8499,1
99,99,9801,7298,1
99,99,9801,9509,1
99,99,9801,8601,1
99,99,9801,9140,1
99,99,9801,9118,1
99,99,9801,7520,1
99,99,9801,9080,1
99,99,9801,9032,1
99,99,9801,9559,1
99,99,9801,9327,1
99,99,9801,8735,1
99,99,9801,7041,1
99,99,9801,9139,1
99,99,9801,9182,1
99,99,9801,8365,1
99,99,9801,9432,1
99,99,9801,7007,1
99,99,9801,8481,1
99,99,9801,7860,1
99,99,9801,8882,1
99,99,9801,10000,0
99,99,9801,8513,1
99,99,9801,8014,1
99,99,9801,8015,1
99,99,9801,8633,1
100,100,10000,7798,1
100,100,10000,9276,1
100,100,10000,8573,1
100,100,10000,9583,1
100,100,10000,9110,1
100,100,10000,6085,1
100,100,10000,8677,1
100,100,10000,8676,1
100,100,10000,10000,0
100,100,10000,8637,1
100,100,10000,9828,1
100,100,10000,10000,0
100,100,10000,8740,1
100,100,10000,9197,1
100,100,10000,9076,1
100,100,10000,7773,1
100,100,10000,7801,1
100,100,10000,10000,0
100,100,10000,9279,1
100,100,10000,8234,1
100,100,10000,9383,1
100,100,10000,8642,1
100,100,10000,8057,1
100,100,10000,9352,1
100,100,10000,8880,1
100,100,10000,8773,1
100,100,10000,7432,1
100,100,10000,8405,1
100,100,10000,9797,1
100,100,10000,9254,1
100,100,10000,8448,1
100,100,10000,9563,1
100,100,10000,9296,1
100,100,10000,8492,1
100,100,10000,8248,1
100,100,10000,8354,1
100,100,10000,8409,1
100,100,10000,7579,1
100,100,10000,8935,1
100,100,10000,7272,1
100,100,10000,8601,1
100,100,10000,9641,1
100,100,10000,8662,1
100,100,10000,8446,1
100,100,10000,9543,1
100,100,10000,9095,1
100,100,10000,8190,1
100,100,10000,9030,1
100,100,10000,8352,1
100,100,10000,8981,1
100,100,10000,9494,1
100,100,10000,7182,1
100,100,10000,7189,1
100,100,10000,9506,1
100,100,10000,7639,1
100,100,10000,9859,1
100,100,10000,8159,1
100,100,10000,8911,1
100,100,10000,8923,1
100,100,10000,8465,1
100,100,10000,8381,1
100,100,10000,8914,1
100,100,10000,9232,1
100,100,10000,7730,1
100,100,10000,9176,1
100,100,10000,8841,1
100,100,10000,10000,0
100,100,10000,8723,1
100,100,10000,7102,1
100,100,10000,8749,1
100,100,10000,8287,1
100,100,10000,9373,1
100,100,10000,7341,1
100,100,10000,7883,1
100,100,10000,7371,1
100,100,10000,6892,1
100,100,10000,8622,1
100,100,10000,8470,1
100,100,10000,8692,1
100,100,10000,9181,1
100,100,10000,8555,1
100,100,10000,10000,0
100,100,10000,8112,1
100,100,10000,8737,1
100,100,10000,9388,1
100,100,10000,8046,1
100,100,10000,6787,1
100,100,10000,8165,1
100,100,10000,7553,1
100,100,10000,8011,1
100,100,10000,8645,1
100,100,10000,9439,1
100,100,10000,10000,0
100,100,10000,7688,1
100,100,10000,9686,1
100,100,10000,10000,0
100,100,10000,8015,1
100,100,10000,8144,1
100,100,10000,9217,1
100,100,10000,10000,0
101,101,10201,8478,1
101,101,10201,9261,1
101,101,10201,9431,1
101,101,10201,7329,1
101,101,10201,9281,1
101,101,10201,9962,1
101,101,10201,9346,1
101,101,10201,9007,1
101,101,10201,9312,1
101,101,10201,9382,1
101,101,10201,9057,1
101,101,10201,8709,1
101,101,10201,7787,1
101,101,10201,8623,1
101,101,10201,8928,1
101,101,10201,9510,1
101,101,10201,7065,1
101,101,10201,9559,1
101,101,10201,8233,1
101,101,10201,9305,1
101,101,10201,10000,0
101,101,10201,8456,1
101,101,10201,8349,1
101,101,10201,8310,1
101,101,10201,7856,1
101,101,10201,7756,1
101,101,10201,9334,1
101,101,10201,7700,1
101,101,10201,8409,1
101,101,10201,9579,1
101,101,10201,8316,1
101,101,10201,8865,1
101,101,10201,7871,1
101,101,10201,7681,1
101,101,10201,7045,1
101,101,10201,10000,0
101,101,10201,8323,1
101,101,10201,9957,1
101,101,10201,7973,1
101,101,10201,9828,1
101,101,10201,8756,1
101,101,10201,7510,1
101,101,10201,10000,0
101,101,10201,8625,1
101,101,10201,7497,1
101,101,10201,8386,1
101,101,10201,9435,1
101,101,10201,8304,1
101,101,10201,8914,1
101,101,10201,9410,1
101,101,10201,9354,1
101,101,10201,9486,1
101,101,10201,9827,1
101,101,10201,8919,1
101,101,10201,10000,0
101,101,10201,8662,1
101,101,10201,10000,0
101,101,10201,9999,1
101,101,10201,9473,1
101,101,10201,9127,1
101,101,10201,9633,1
101,101,10201,9401,1
101,101,10201,8871,1
101,101,10201,9266,1
101,101,10201,9759,1
101,101,10201,9558,1
101,101,10201,9839,1
101,101,10201,7375,1
101,101,10201,9930,1
101,101,10201,9632,1
101,101,10201,8356,1
101,101,10201,9911,1
101,101,10201,9012,1
101,101,10201,9079,1
101,101,10201,9563,1
101,101,10201,7852,1
101,101,10201,8403,1
101,101,10201,8279,1
101,101,10201,9821,1
101,101,10201,9068,1
101,101,10201,9497,1
101,101,10201,9960,1
101,101,10201,7800,1
101,101,10201,9809,1
101,101,10201,8203,1
101,101,10201,9056,1
101,101,10201,9148,1
101,101,10201,8401,1
101,101,10201,7496,1
101,101,10201,9458,1
101,101,10201,8464,1
101,101,10201,10000,0
101,101,10201,8666,1
101,101,10201,9363,1
101,101,10201,7840,1
101,101,10201,9698,1
101,101,10201,8969,1
101,101,10201,8475,1
101,101,10201,7452,1
101,101,10201,9438,1
102,102,10404,9938,1
102,102,10404,10000,0
102,102,10404,9831,1
102,102,10404,9594,1
102,102,10404,8846,1
102,102,10404,10000,0
102,102,10404,7992,1
102,102,10404,8996,1
102,102,10404,7811,1
102,102,10404,8807,1
102,102,10404,9876,1
102,102,10404,8403,1
102,102,10404,9889,1
102,102,10404,9171,1
102,102,10404,8205,1
102,102,10404,10000,0
102,102,10404,9582,1
102,102,10404,10000,0
102,102,10404,10000,0
102,102,10404,9784,1
102,102,10404,8651,1
102,102,10404,8789,1
102,102,10404,8868,1
102,102,10404,10000,0
102,102,10404,8497,1
102,102,10404,9437,1
102,102,10404,8372,1
102,102,10404,9019,1
102,102,10404,8188,1
102,102,10404,9315,1
102,102,10404,9005,1
102,102,10404,7840,1
102,102,10404,7930,1
102,102,10404,8214,1
102,102,10404,10000,0
102,102,10404,8276,1
102,102,10404,8972,1
102,102,10404,8548,1
102,102,10404,10000,0
102,102,10404,8680,1
102,102,10404,8075,1
102,102,10404,10000,0
102,102,10404,9816,1
102,102,10404,9581,1
102,102,10404,8862,1
102,102,10404,8295,1
102,102,10404,7921,1
102,102,10404,10000,0
102,102,10404,9079,1
102,102,10404,9770,1
102,102,10404,9088,1
102,102,10404,8851,1
102,102,10404,9578,1
102,102,10404,10000,0
102,102,10404,8629,1
102,102,10404,9637,1
102,102,10404,10000,0
102,102,10404,8969,1
102,102,10404,9226,1
102,102,10404,8455,1
102,102,10404,9490,1
102,102,10404,8857,1
102,102,10404,9048,1
102,102,10404,7939,1
102,102,10404,9223,1
102,102,10404,8671,1
102,102,10404,8428,1
102,102,10404,9956,1
102,102,10404,10000,0
102,102,10404,9861,1
102,102,10404,9704,1
102,102,10404,9851,1
102,102,10404,7779,1
102,102,10404,8219,1
102,102,10404,10000,0
102,102,10404,8294,1
102,102,10404,9850,1
102,102,10404,9079,1
102,102,10404,9325,1
102,102,10404,9122,1
102,102,10404,7876,1
102,102,10404,8802,1
102,102,10404,8445,1
102,102,10404,7829,1
102,102,10404,8930,1
102,102,10404,9530,1
102,102,10404,8117,1
102,102,10404,10000,0
102,102,10404,9589,1
102,102,10404,9863,1
102,102,10404,10000,0
102,102,10404,8359,1
102,102,10404,10000,0
102,102,10404,10000,0
102,102,10404,9862,1
102,102,10404,10000,0
102,102,10404,9617,1
102,102,10404,7867,1
102,102,10404,9599,1
102,102,10404,8994,1
103,103,10609,9176,1
103,103,10609,7828,1
103,103,10609,10000,0
103,103,10609,10000,0
103,103,10609,9628,1
103,103,10609,8240,1
103,103,10609,8508,1
103,103,10609,7731,1
103,103,10609,8532,1
103,103,10609,10000,0
103,103,10609,9545,1
103,103,10609,7914,1
103,103,10609,10000,0
103,103,10609,9623,1
103,103,10609,9307,1
103,103,10609,10000,0
103,103,10609,9154,1
103,103,10609,8627,1
103,103,10609,8023,1
103,103,10609,9946,1
103,103,10609,8702,1
103,103,10609,8721,1
103,103,10609,10000,0
103,103,10609,9354,1
103,103,10609,8553,1
103,103,10609,8358,1
103,103,10609,10000,0
103,103,10609,10000,0
103,103,10609,10000,0
103,103,10609,7961,1
103,103,10609,7911,1
103,103,10609,8010,1
103,103,10609,10000,0
103,103,10609,7751,1
103,103,10609,9789,1
103,103,10609,9174,1
103,103,10609,9236,1
103,103,10609,9806,1
103,103,10609,8816,1
103,103,10609,10000,0
103,103,10609,8210,1
103,103,10609,10000,0
103,103,10609,8669,1
103,103,10609,9239,1
103,103,10609,9070,1
103,103,10609,9561,1
103,103,10609,9318,1
103,103,10609,9360,1
103,103,10609,8147,1
103,103,10609,10000,0
103,103,10609,9161,1
103,103,10609,8208,1
103,103,10609,8334,1
103,103,10609,7356,1
103,103,10609,9227,1
103,103,10609,9235,1
103,103,10609,10000,0
103,103,10609,9826,1
103,103,10609,9343,1
103,103,10609,9084,1
103,103,10609,8949,1
103,103,10609,8840,1
103,103,10609,8823,1
103,103,10609,10000,0
103,103,10609,9941,1
103,103,10609,9293,1
103,103,10609,8075,1
103,103,10609,8124,1
103,103,10609,10000,0
103,103,10609,10000,0
103,103,10609,7506,1
103,103,10609,10000,0
103,103,10609,7936,1
103,103,10609,10000,0
103,103,10609,9723,1
103,103,10609,10000,0
103,103,10609,10000,0
103,103,10609,7947,1
103,103,10609,9790,1
103,103,10609,7562,1
103,103,10609,10000,0
103,103,10609,10000,0
103,103,10609,10000,0
103,103,10609,9186,1
103,103,10609,10000,0
103,103,10609,8460,1
103,103,10609,9406,1
103,103,10609,10000,0
103,103,10609,8144,1
103,103,10609,9504,1
103,103,10609,9563,1
103,103,10609,10000,0
103,103,10609,10000,0
103,103,10609,8966,1
103,103,10609,9825,1
103,103,10609,9669,1
103,103,10609,9336,1
103,103,10609,8652,1
103,103,10609,10000,0
103,103,10609,10000,0
104,104,10816,9928,1
104,104,10816,10000,0
104,104,10816,9824,1
104,104,10816,9929,1
104,104,10816,9775,1
104,104,10816,9491,1
104,104,10816,8849,1
104,104,10816,9052,1
104,104,10816,9624,1
104,104,10816,10000,0
104,104,10816,7889,1
104,104,10816,9796,1
104,104,10816,10000,0
104,104,10816,9275,1
104,104,10816,10000,0
104,104,10816,9484,1
104,104,10816,10000,0
104,104,10816,9244,1
104,104,10816,10000,0
104,104,10816,9536,1
104,104,10816,10000,0
104,104,10816,8817,1
104,104,10816,8650,1
104,104,10816,9386,1
104,104,10816,9601,1
104,104,10816,9642,1
104,104,10816,10000,0
104,104,10816,9555,1
104,104,10816,9823,1
104,104,10816,10000,0
104,104,10816,9380,1
104,104,10816,9919,1
104,104,10816,8915,1
104,104,10816,10000,0
104,104,10816,10000,0
104,104,10816,10000,0
104,104,10816,10000,0
104,104,10816,7837,1
104,104,10816,10000,0
104,104,10816,10000,0
104,104,10816,10000,0
104,104,10816,10000,0
104,104,10816,9936,1
104,104,10816,9989,1
104,104,10816,10000,0
104,104,10816,9662,1
104,104,10816,7791,1
104,104,10816,9729,1
104,104,10816,8740,1
104,104,10816,10000,0
104,104,10816,9011,1
104,104,10816,8758,1
104,104,10816,9050,1
104,104,10816,10000,0
104,104,10816,9728,1
104,104,10816,9607,1
104,104,10816,9050,1
104,104,10816,9919,1
104,104,10816,9812,1
104,104,10816,10000,0
104,104,10816,9053,1
104,104,10816,8114,1
104,104,10816,10000,0
104,104,10816,8161,1
104,104,10816,10000,0
104,104,10816,10000,0
104,104,10816,8497,1
104,104,10816,10000,0
104,104,10816,8789,1
104,104,10816,10000,0
104,104,10816,9529,1
104,104,10816,8160,1
104,104,10816,10000,0
104,104,10816,9233,1
104,104,10816,9766,1
104,104,10816,9482,1
104,104,10816,10000,0
104,104,10816,10000,0
104,104,10816,9787,1
104,104,10816,9244,1
104,104,10816,9188,1
104,104,10816,9686,1
104,104,10816,9219,1
104,104,10816,9644,1
104,104,10816,9787,1
104,104,10816,10000,0
104,104,10816,10000,0
104,104,10816,10000,0
104,104,10816,10000,0
104,104,10816,8936,1
104,104,10816,10000,0
104,104,10816,8497,1
104,104,10816,9871,1
104,104,10816,9815,1
104,104,10816,7292,1
104,104,10816,9578,1
104,104,10816,10000,0
104,104,10816,10000,0
104,104,10816,8397,1
104,104,10816,10000,0
105,105,11025,10000,0
105,105,11025,8757,1
105,105,11025,9765,1
105,105,11025,9400,1
105,105,11025,9059,1
105,105,11025,7834,1
105,105,11025,8527,1
105,105,11025,10000,0
105,105,11025,9450,1
105,105,11025,9256,1
105,105,11025,9163,1
105,105,11025,9740,1
105,105,11025,10000,0
105,105,11025,10000,0
105,105,11025,8926,1
105,105,11025,8948,1
105,105,11025,10000,0
105,105,11025,8532,1
105,105,11025,9100,1
105,105,11025,10000,0
105,105,11025,10000,0
105,105,11025,9538,1
105,105,11025,8961,1
105,105,11025,10000,0
105,105,11025,9305,1
105,105,11025,10000,0
105,105,11025,10000,0
105,105,11025,8554,1
105,105,11025,8689,1
105,105,11025,10000,0
105,105,11025,9767,1
105,105,11025,9629,1
105,105,11025,10000,0
105,105,11025,10000,0
105,105,11025,9986,1
105,105,11025,10000,0
105,105,11025,9550,1
105,105,11025,9586,1
105,105,11025,10000,0
105,105,11025,7923,1
105,105,11025,9565,1
105,105,11025,9915,1
105,105,11025,8432,1
105,105,11025,8929,1
105,105,11025,9970,1
105,105,11025,10000,0
105,105,11025,9953,1
105,105,11025,9807,1
105,105,11025,8994,1
105,105,11025,10000,0
105,105,11025,8849,1
105,105,11025,10000,0
105,105,11025,10000,0
105,105,11025,9323,1
105,105,11025,9360,1
105,105,11025,9886,1
105,105,11025,8510,1
105,105,11025,8801,1
105,105,11025,10000,0
105,105,11025,9367,1
105,105,11025,9109,1
105,105,11025,8437,1
105,105,11025,8912,1
105,105,11025,9158,1
105,105,11025,9368,1
105,105,11025,8909,1
105,105,11025,8931,1
105,105,11025,9301,1
105,105,11025,10000,0
105,105,11025,9591,1
105,105,11025,9136,1
105,105,11025,10000,0
105,105,11025,10000,0
105,105,11025,8506,1
105,105,11025,10000,0
105,105,11025,8968,1
105,105,11025,8914,1
105,105,11025,9520,1
105,105,11025,8252,1
105,105,11025,8740,1
105,105,11025,9355,1
105,105,11025,10000,0
105,105,11025,10000,0
105,105,11025,10000,0
105,105,11025,9312,1
105,105,11025,9747,1
105,105,11025,9358,1
105,105,11025,10000,0
105,105,11025,9221,1
105,105,11025,7949,1
105,105,11025,9736,1
105,105,11025,10000,0
105,105,11025,10000,0
105,105,11025,10000,0
105,105,11025,9947,1
105,105,11025,10000,0
105,105,11025,10000,0
105,105,11025,9737,1
105,105,11025,9758,1
105,105,11025,8940,1
106,106,11236,10000,0
106,106,11236,10000,0
106,106,11236,8578,1
106,106,11236,10000,0
106,106,11236,10000,0
106,106,11236,9459,1
106,106,11236,9694,1
106,106,11236,9053,1
106,106,11236,10000,0
106,106,11236,8449,1
106,106,11236,9735,1
106,106,11236,10000,0
106,106,11236,9601,1
106,106,11236,10000,0
106,106,11236,9923,1
106,106,11236,9364,1
106,106,11236,10000,0
106,106,11236,10000,0
106,106,11236,10000,0
106,106,11236,10000,0
106,106,11236,10000,0
106,106,11236,9061,1
106,106,11236,10000,0
106,106,11236,9096,1
106,106,11236,10000,0
106,106,11236,9476,1
106,106,11236,10000,0
106,106,11236,9422,1
106,106,11236,8794,1
106,106,11236,9529,1
106,106,11236,9662,1
106,106,11236,10000,0
106,106,11236,10000,0
106,106,11236,10000,0
106,106,11236,9633,1
106,106,11236,10000,0
106,106,11236,10000,0
106,106,11236,10000,0
106,106,11236,10000,0
106,106,11236,10000,0
106,106,11236,10000,0
106,106,11236,8968,1
106,106,11236,10000,0
106,106,11236,9815,1
106,106,11236,10000,0
106,106,11236,10000,0
106,106,11236,8355,1
106,106,11236,9480,1
106,106,11236,10000,0
106,106,11236,10000,0
106,106,11236,8959,1
106,106,11236,8746,1
106,106,11236,10000,0
106,106,11236,10000,0
106,106,11236,9263,1
106,106,11236,9965,1
106,106,11236,9100,1
106,106,11236,10000,0
106,106,11236,9739,1
106,106,11236,9419,1
106,106,11236,9959,1
106,106,11236,9441,1
106,106,11236,9829,1
106,106,11236,9497,1
106,106,11236,10000,0
106,106,11236,10000,0
106,106,11236,10000,0
106,106,11236,9466,1
106,106,11236,9651,1
106,106,11236,9957,1
106,106,11236,9219,1
106,106,11236,9822,1
106,106,11236,10000,0
106,106,11236,10000,0
106,106,11236,8879,1
106,106,11236,9251,1
106,106,11236,10000,0
106,106,11236,10000,0
106,106,11236,10000,0
106,106,11236,10000,0
106,106,11236,10000,0
106,106,11236,10000,0
106,106,11236,10000,0
106,106,11236,9878,1
106,106,11236,9386,1
106,106,11236,10000,0
106,106,11236,9761,1
106,106,11236,10000,0
106,106,11236,10000,0
106,106,11236,8778,1
106,106,11236,9355,1
106,106,11236,10000,0
106,106,11236,9421,1
106,106,11236,9374,1
106,106,11236,10000,0
106,106,11236,8781,1
106,106,11236,10000,0
106,106,11236,10000,0
106,106,11236,10000,0
106,106,11236,9734,1
107,107,11449,10000,0
107,107,11449,10000,0
107,107,11449,9119,1
107,107,11449,9247,1
107,107,11449,10000,0
107,107,11449,9212,1
107,107,11449,10000,0
107,107,11449,9636,1
107,107,11449,10000,0
107,107,11449,10000,0
107,107,11449,10000,0
107,107,11449,9915,1
107,107,11449,10000,0
107,107,11449,8671,1
107,107,11449,9896,1
107,107,11449,9148,1
107,107,11449,9855,1
107,107,11449,10000,0
107,107,11449,10000,0
107,107,11449,9409,1
107,107,11449,10000,0
107,107,11449,9287,1
107,107,11449,10000,0
107,107,11449,9374,1
107,107,11449,10000,0
107,107,11449,9258,1
107,107,11449,10000,0
107,107,11449,9918,1
107,107,11449,10000,0
107,107,11449,10000,0
107,107,11449,10000,0
107,107,11449,9445,1
107,107,11449,10000,0
107,107,11449,9121,1
107,107,11449,9696,1
107,107,11449,10000,0
107,107,11449,8287,1
107,107,11449,10000,0
107,107,11449,10000,0
107,107,11449,8792,1
107,107,11449,8346,1
107,107,11449,8550,1
107,107,11449,9023,1
107,107,11449,9740,1
107,107,11449,9738,1
107,107,11449,9859,1
107,107,11449,10000,0
107,107,11449,9666,1
107,107,11449,8347,1
107,107,11449,9852,1
107,107,11449,8846,1
107,107,11449,9922,1
107,107,11449,9750,1
107,107,11449,9833,1
107,107,11449,8420,1
107,107,11449,9816,1
107,107,11449,9943,1
107,107,11449,10000,0
107,107,11449,9142,1
107,107,11449,10000,0
107,107,11449,10000,0
107,107,11449,9870,1
107,107,11449,9588,1
107,107,11449,10000,0
107,107,11449,9929,1
107,107,11449,10000,0
107,107,11449,9349,1
107,107,11449,10000,0
107,107,11449,10000,0
107,107,11449,8831,1
107,107,11449,10000,0
107,107,11449,10000,0
107,107,11449,10000,0
107,107,11449,9602,1
107,107,11449,9742,1
107,107,11449,9927,1
107,107,11449,10000,0
107,107,11449,10000,0
107,107,11449,10000,0
107,107,11449,10000,0
107,107,11449,8304,1
107,107,11449,10000,0
107,107,11449,9448,1
107,107,11449,10000,0
107,107,11449,9446,1
107,107,11449,10000,0
107,107,11449,10000,0
107,107,11449,10000,0
107,107,11449,10000,0
107,107,11449,10000,0
107,107,11449,10000,0
107,107,11449,10000,0
107,107,11449,9204,1
107,107,11449,10000,0
107,107,11449,10000,0
107,107,11449,10000,0
107,107,11449,10000,0
107,107,11449,9972,1
107,107,11449,10000,0
107,107,11449,10000,0
108,108,11664,9179,1
108,108,11664,9485,1
108,108,11664,10000,0
108,108,11664,10000,0
108,108,11664,9540,1
108,108,11664,9993,1
108,108,11664,10000,0
108,108,11664,10000,0
108,108,11664,9566,1
108,108,11664,9719,1
108,108,11664,9845,1
108,108,11664,8259,1
108,108,11664,10000,0
108,108,11664,10000,0
108,108,11664,9969,1
108,108,11664,7818,1
108,108,11664,10000,0
108,108,11664,10000,0
108,108,11664,10000,0
108,108,11664,9811,1
108,108,11664,10000,0
108,108,11664,10000,0
108,108,11664,10000,0
108,108,11664,10000,0
108,108,11664,10000,0
108,108,11664,9660,1
108,108,11664,10000,0
108,108,11664,10000,0
108,108,11664,10000,0
108,108,11664,9900,1
108,108,11664,9386,1
108,108,11664,10000,0
108,108,11664,10000,0
108,108,11664,10000,0
108,108,11664,9344,1
108,108,11664,9676,1
108,108,11664,10000,0
108,108,11664,9907,1
108,108,11664,10000,0
108,108,11664,9890,1
108,108,11664,9191,1
108,108,11664,10000,0
108,108,11664,8474,1
108,108,11664,10000,0
108,108,11664,10000,0
108,108,11664,10000,0
108,108,11664,10000,0
108,108,11664,10000,0
108,108,11664,9589,1
108,108,11664,8454,1
108,108,11664,9734,1
108,108,11664,10000,0
108,108,11664,10000,0
108,108,11664,9818,1
108,108,11664,10000,0
108,108,11664,10000,0
108,108,11664,10000,0
108,108,11664,9317,1
108,108,11664,10000,0
108,108,11664,10000,0
108,108,11664,9813,1
108,108,11664,9819,1
108,108,11664,10000,0
108,108,11664,10000,0
108,108,11664,10000,0
108,108,11664,10000,0
108,108,11664,10000,0
108,108,11664,10000,0
108,108,11664,9406,1
108,108,11664,10000,0
108,108,11664,8874,1
108,108,11664,10000,0
108,108,11664,10000,0
108,108,11664,8581,1
108,108,11664,10000,0
108,108,11664,10000,0
108,108,11664,9384,1
108,108,11664,9680,1
108,108,11664,9158,1
108,108,11664,9676,1
108,108,11664,10000,0
108,108,11664,9449,1
108,108,11664,10000,0
108,108,11664,10000,0
108,108,11664,9898,1
108,108,11664,10000,0
108,108,11664,8721,1
108,108,11664,10000,0
108,108,11664,10000,0
108,108,11664,10000,0
108,108,11664,10000,0
108,108,11664,9983,1
108,108,11664,10000,0
108,108,11664,10000,0
108,108,11664,9927,1
108,108,11664,10000,0
108,108,11664,10000,0
108,108,11664,10000,0
108,108,11664,10000,0
108,108,11664,10000,0
109,109,11881,10000,0
109,109,11881,10000,0
109,109,11881,10000,0
109,109,11881,10000,0
109,109,11881,9349,1
109,109,11881,10000,0
109,109,11881,9381,1
109,109,11881,10000,0
109,109,11881,10000,0
109,109,11881,10000,0
109,109,11881,10000,0
109,109,11881,9321,1
109,109,11881,10000,0
109,109,11881,10000,0
109,109,11881,10000,0
109,109,11881,10000,0
109,109,11881,10000,0
109,109,11881,10000,0
109,109,11881,8358,1
109,109,11881,10000,0
109,109,11881,10000,0
109,109,11881,10000,0
109,109,11881,10000,0
109,109,11881,10000,0
109,109,11881,10000,0
109,109,11881,10000,0
109,109,11881,10000,0
109,109,11881,10000,0
109,109,11881,9366,1
109,109,11881,10000,0
109,109,11881,10000,0
109,109,11881,10000,0
109,109,11881,10000,0
109,109,11881,10000,0
109,109,11881,10000,0
109,109,11881,9295,1
109,109,11881,10000,0
109,109,11881,10000,0
109,109,11881,10000,0
109,109,11881,10000,0
109,109,11881,10000,0
109,109,11881,8814,1
109,109,11881,10000,0
109,109,11881,10000,0
109,109,11881,9784,1
109,109,11881,10000,0
109,109,11881,10000,0
109,109,11881,10000,0
109,109,11881,9052,1
109,109,11881,10000,0
109,109,11881,10000,0
109,109,11881,10000,0
109,109,11881,10000,0
109,109,11881,10000,0
109,109,11881,9824,1
109,109,11881,10000,0
109,109,11881,10000,0
109,109,11881,10000,0
109,109,11881,10000,0
109,109,11881,10000,0
109,109,11881,9710,1
109,109,11881,10000,0
109,109,11881,10000,0
109,109,11881,10000,0
109,109,11881,10000,0
109,109,11881,10000,0
109,109,11881,10000,0
109,109,11881,10000,0
109,109,11881,10000,0
109,109,11881,9619,1
109,109,11881,10000,0
109,109,11881,10000,0
109,109,11881,10000,0
109,109,11881,10000,0
109,109,11881,10000,0
109,109,11881,10000,0
109,109,11881,10000,0
109,109,11881,10000,0
109,109,11881,10000,0
109,109,11881,9412,1
109,109,11881,10000,0
109,109,11881,10000,0
109,109,11881,10000,0
109,109,11881,10000,0
109,109,11881,10000,0
109,109,11881,10000,0
109,109,11881,10000,0
109,109,11881,10000,0
109,109,11881,10000,0
109,109,11881,10000,0
109,109,11881,10000,0
109,109,11881,10000,0
109,109,11881,10000,0
109,109,11881,10000,0
109,109,11881,10000,0
109,109,11881,10000,0
109,109,11881,10000,0
109,109,11881,10000,0
109,109,11881,10000,0
109,109,11881,9830,1
110,110,12100,10000,0
110,110,12100,8519,1
110,110,12100,10000,0
110,110,12100,10000,0
110,110,12100,10000,0
110,110,12100,10000,0
110,110,12100,10000,0
110,110,12100,10000,0
110,110,12100,10000,0
110,110,12100,9044,1
110,110,12100,9784,1
110,110,12100,10000,0
110,110,12100,10000,0
110,110,12100,8804,1
110,110,12100,10000,0
110,110,12100,10000,0
110,110,12100,10000,0
110,110,12100,10000,0
110,110,12100,9734,1
110,110,12100,10000,0
110,110,12100,10000,0
110,110,12100,10000,0
110,110,12100,9369,1
110,110,12100,10000,0
110,110,12100,10000,0
110,110,12100,10000,0
110,110,12100,10000,0
110,110,12100,10000,0
110,110,12100,10000,0
110,110,12100,10000,0
110,110,12100,10000,0
110,110,12100,9519,1
110,110,12100,10000,0
110,110,12100,10000,0
110,110,12100,10000,0
110,110,12100,10000,0
110,110,12100,9871,1
110,110,12100,10000,0
110,110,12100,10000,0
110,110,12100,10000,0
110,110,12100,9237,1
110,110,12100,9313,1
110,110,12100,10000,0
110,110,12100,9937,1
110,110,12100,10000,0
110,110,12100,10000,0
110,110,12100,10000,0
110,110,12100,10000,0
110,110,12100,10000,0
110,110,12100,10000,0
110,110,12100,10000,0
110,110,12100,10000,0
110,110,12100,10000,0
110,110,12100,10000,0
110,110,12100,10000,0
110,110,12100,10000,0
110,110,12100,10000,0
110,110,12100,10000,0
110,110,12100,9220,1
110,110,12100,9903,1
110,110,12100,10000,0
110,110,12100,10000,0
110,110,12100,10000,0
110,110,12100,10000,0
110,110,12100,10000,0
110,110,12100,10000,0
110,110,12100,10000,0
110,110,12100,10000,0
110,110,12100,10000,0
110,110,12100,10000,0
110,110,12100,10000,0
110,110,12100,10000,0
110,110,12100,10000,0
110,110,12100,10000,0
110,110,12100,10000,0
110,110,12100,10000,0
110,110,12100,10000,0
110,110,12100,10000,0
110,110,12100,9390,1
110,110,12100,10000,0
110,110,12100,9928,1
110,110,12100,10000,0
110,110,12100,10000,0
110,110,12100,10000,0
110,110,12100,10000,0
110,110,12100,10000,0
110,110,12100,10000,0
110,110,12100,10000,0
110,110,12100,8962,1
110,110,12100,10000,0
110,110,12100,10000,0
110,110,12100,10000,0
110,110,12100,10000,0
110,110,12100,10000,0
110,110,12100,10000,0
110,110,12100,9806,1
110,110,12100,9723,1
110,110,12100,9817,1
110,110,12100,10000,0
110,110,12100,10000,0
111,111,12321,10000,0
111,111,12321,10000,0
111,111,12321,10000,0
111,111,12321,10000,0
111,111,12321,10000,0
111,111,12321,10000,0
111,111,12321,10000,0
111,111,12321,10000,0
111,111,12321,10000,0
111,111,12321,9729,1
111,111,12321,10000,0
111,111,12321,9622,1
111,111,12321,10000,0
111,111,12321,10000,0
111,111,12321,10000,0
111,111,12321,10000,0
111,111,12321,10000,0
111,111,12321,9657,1
111,111,12321,10000,0
111,111,12321,10000,0
111,111,12321,10000,0
111,111,12321,10000,0
111,111,12321,10000,0
111,111,12321,10000,0
111,111,12321,10000,0
111,111,12321,10000,0
111,111,12321,10000,0
111,111,12321,10000,0
111,111,12321,9649,1
111,111,12321,9817,1
111,111,12321,10000,0
111,111,12321,9935,1
111,111,12321,9977,1
111,111,12321,10000,0
111,111,12321,9764,1
111,111,12321,10000,0
111,111,12321,10000,0
111,111,12321,10000,0
111,111,12321,9752,1
111,111,12321,10000,0
111,111,12321,10000,0
111,111,12321,10000,0
111,111,12321,9218,1
111,111,12321,10000,0
111,111,12321,10000,0
111,111,12321,9549,1
111,111,12321,10000,0
111,111,12321,10000,0
111,111,12321,10000,0
111,111,12321,10000,0
111,111,12321,10000,0
111,111,12321,10000,0
111,111,12321,10000,0
111,111,12321,10000,0
111,111,12321,10000,0
111,111,12321,10000,0
111,111,12321,10000,0
111,111,12321,10000,0
111,111,12321,10000,0
111,111,12321,10000,0
111,111,12321,10000,0
111,111,12321,8696,1
111,111,12321,10000,0
111,111,12321,10000,0
111,111,12321,10000,0
111,111,12321,10000,0
111,111,12321,10000,0
111,111,12321,10000,0
111,111,12321,10000,0
111,111,12321,10000,0
111,111,12321,9404,1
111,111,12321,10000,0
111,111,12321,10000,0
111,111,12321,9966,1
111,111,12321,10000,0
111,111,12321,10000,0
111,111,12321,10000,0
111,111,12321,10000,0
111,111,12321,8749,1
111,111,12321,10000,0
111,111,12321,10000,0
111,111,12321,10000,0
111,111,12321,10000,0
111,111,12321,10000,0
111,111,12321,10000,0
111,111,12321,10000,0
111,111,12321,10000,0
111,111,12321,10000,0
111,111,12321,10000,0
111,111,12321,10000,0
111,111,12321,10000,0
111,111,12321,10000,0
111,111,12321,10000,0
111,111,12321,10000,0
111,111,12321,10000,0
111,111,12321,10000,0
111,111,12321,10000,0
111,111,12321,10000,0
111,111,12321,10000,0
111,111,12321,10000,0
112,112,12544,10000,0
112,112,12544,10000,0
112,112,12544,10000,0
112,112,12544,10000,0
112,112,12544,10000,0
112,112,12544,10000,0
112,112,12544,10000,0
112,112,12544,10000,0
112,112,12544,10000,0
112,112,12544,8990,1
112,112,12544,10000,0
112,112,12544,10000,0
112,112,12544,10000,0
112,112,12544,10000,0
112,112,12544,10000,0
112,112,12544,10000,0
112,112,12544,10000,0
112,112,12544,10000,0
112,112,12544,10000,0
112,112,12544,9111,1
112,112,12544,10000,0
112,112,12544,10000,0
112,112,12544,10000,0
112,112,12544,10000,0
112,112,12544,10000,0
112,112,12544,9922,1
112,112,12544,10000,0
112,112,12544,9764,1
112,112,12544,10000,0
112,112,12544,9237,1
112,112,12544,9484,1
112,112,12544,10000,0
112,112,12544,10000,0
112,112,12544,10000,0
112,112,12544,10000,0
112,112,12544,10000,0
112,112,12544,10000,0
112,112,12544,10000,0
112,112,12544,10000,0
112,112,12544,10000,0
112,112,12544,10000,0
112,112,12544,10000,0
112,112,12544,10000,0
112,112,12544,10000,0
112,112,12544,9747,1
112,112,12544,9605,1
112,112,12544,10000,0
112,112,12544,10000,0
112,112,12544,10000,0
112,112,12544,10000,0
112,112,12544,10000,0
112,112,12544,10000,0
112,112,12544,10000,0
112,112,12544,10000,0
112,112,12544,10000,0
112,112,12544,10000,0
112,112,12544,10000,0
112,112,12544,10000,0
112,112,12544,9106,1
112,112,12544,10000,0
112,112,12544,10000,0
112,112,12544,10000,0
112,112,12544,10000,0
112,112,12544,10000,0
112,112,12544,10000,0
112,112,12544,10000,0
112,112,12544,10000,0
112,112,12544,9694,1
112,112,12544,10000,0
112,112,12544,10000,0
112,112,12544,10000,0
112,112,12544,10000,1
112,112,12544,10000,0
112,112,12544,10000,0
112,112,12544,10000,0
112,112,12544,10000,0
112,112,12544,10000,0
112,112,12544,10000,0
112,112,12544,10000,0
112,112,12544,10000,0
112,112,12544,10000,0
112,112,12544,10000,0
112,112,12544,9769,1
112,112,12544,10000,0
112,112,12544,10000,0
112,112,12544,10000,0
112,112,12544,10000,0
112,112,12544,9565,1
112,112,12544,10000,0
112,112,12544,10000,0
112,112,12544,10000,0
112,112,12544,10000,0
112,112,12544,10000,0
112,112,12544,10000,0
112,112,12544,10000,0
112,112,12544,10000,0
112,112,12544,10000,0
112,112,12544,10000,0
112,112,12544,10000,0
112,112,12544,10000,0
113,113,12769,10000,0
113,113,12769,10000,0
113,113,12769,10000,0
113,113,12769,10000,0
113,113,12769,10000,0
113,113,12769,10000,0
113,113,12769,10000,0
113,113,12769,9724,1
113,113,12769,10000,0
113,113,12769,10000,0
113,113,12769,10000,0
113,113,12769,10000,0
113,113,12769,10000,0
113,113,12769,10000,0
113,113,12769,9742,1
113,113,12769,10000,0
113,113,12769,10000,0
113,113,12769,9431,1
113,113,12769,10000,0
113,113,12769,10000,0
113,113,12769,10000,0
113,113,12769,10000,0
113,113,12769,10000,0
113,113,12769,10000,0
113,113,12769,10000,0
113,113,12769,10000,0
113,113,12769,10000,0
113,113,12769,10000,0
113,113,12769,10000,0
113,113,12769,9827,1
113,113,12769,10000,0
113,113,12769,10000,0
113,113,12769,10000,0
113,113,12769,10000,0
113,113,12769,10000,0
113,113,12769,10000,0
113,113,12769,10000,0
113,113,12769,10000,0
113,113,12769,10000,0
113,113,12769,10000,0
113,113,12769,10000,0
113,113,12769,10000,0
113,113,12769,10000,0
113,113,12769,10000,0
113,113,12769,10000,0
113,113,12769,10000,0
113,113,12769,10000,0
113,113,12769,10000,0
113,113,12769,10000,0
113,113,12769,10000,0
113,113,12769,10000,0
113,113,12769,10000,0
113,113,12769,10000,0
113,113,12769,10000,0
113,113,12769,10000,0
113,113,12769,10000,0
113,113,12769,10000,0
113,113,12769,10000,0
113,113,12769,10000,0
113,113,12769,10000,0
113,113,12769,9799,1
113,113,12769,9412,1
113,113,12769,10000,0
113,113,12769,10000,0
113,113,12769,10000,0
113,113,12769,10000,0
113,113,12769,10000,0
113,113,12769,10000,0
113,113,12769,10000,0
113,113,12769,10000,0
113,113,12769,10000,0
113,113,12769,9015,1
113,113,12769,10000,0
113,113,12769,10000,0
113,113,12769,10000,0
113,113,12769,10000,0
113,113,12769,10000,0
113,113,12769,10000,0
113,113,12769,10000,0
113,113,12769,10000,0
113,113,12769,10000,0
113,113,12769,10000,0
113,113,12769,10000,0
113,113,12769,10000,0
113,113,12769,10000,0
113,113,12769,10000,0
113,113,12769,10000,0
113,113,12769,10000,0
113,113,12769,10000,0
113,113,12769,10000,0
113,113,12769,10000,0
113,113,12769,10000,0
113,113,12769,10000,0
113,113,12769,10000,0
113,113,12769,10000,0
113,113,12769,10000,0
113,113,12769,10000,0
113,113,12769,10000,0
113,113,12769,10000,0
113,113,12769,10000,0
114,114,12996,10000,0
114,114,12996,10000,0
114,114,12996,10000,0
114,114,12996,10000,0
114,114,12996,10000,0
114,114,12996,10000,0
114,114,12996,10000,0
114,114,12996,10000,0
114,114,12996,10000,0
114,114,12996,10000,0
114,114,12996,10000,0
114,114,12996,10000,0
114,114,12996,10000,0
114,114,12996,10000,0
114,114,12996,10000,0
114,114,12996,10000,0
114,114,12996,10000,0
114,114,12996,10000,0
114,114,12996,10000,0
114,114,12996,10000,0
114,114,12996,10000,0
114,114,12996,10000,0
114,114,12996,10000,0
114,114,12996,9859,1
114,114,12996,10000,0
114,114,12996,10000,0
114,114,12996,10000,0
114,114,12996,10000,0
114,114,12996,10000,0
114,114,12996,10000,0
114,114,12996,10000,0
114,114,12996,10000,0
114,114,12996,10000,0
114,114,12996,10000,0
114,114,12996,10000,0
114,114,12996,10000,0
114,114,12996,10000,0
114,114,12996,10000,0
114,114,12996,10000,0
114,114,12996,10000,0
114,114,12996,10000,0
114,114,12996,10000,0
114,114,12996,10000,0
114,114,12996,10000,0
114,114,12996,10000,0
114,114,12996,10000,0
114,114,12996,10000,0
114,114,12996,10000,0
114,114,12996,10000,0
114,114,12996,10000,0
114,114,12996,10000,0
114,114,12996,10000,0
114,114,12996,10000,0
114,114,12996,10000,0
114,114,12996,10000,0
114,114,12996,10000,0
114,114,12996,10000,0
114,114,12996,10000,0
114,114,12996,10000,0
114,114,12996,10000,0
114,114,12996,10000,0
114,114,12996,10000,0
114,114,12996,10000,0
114,114,12996,10000,0
114,114,12996,10000,0
114,114,12996,9254,1
114,114,12996,10000,0
114,114,12996,10000,0
114,114,12996,10000,0
114,114,12996,10000,0
114,114,12996,10000,0
114,114,12996,10000,0
114,114,12996,10000,0
114,114,12996,10000,0
114,114,12996,10000,0
114,114,12996,10000,0
114,114,12996,10000,0
114,114,12996,10000,0
114,114,12996,10000,0
114,114,12996,10000,0
114,114,12996,10000,0
114,114,12996,10000,0
114,114,12996,10000,0
114,114,12996,10000,0
114,114,12996,10000,0
114,114,12996,10000,0
114,114,12996,10000,0
114,114,12996,10000,0
114,114,12996,10000,0
114,114,12996,9618,1
114,114,12996,10000,0
114,114,12996,10000,0
114,114,12996,10000,0
114,114,12996,10000,0
114,114,12996,10000,0
114,114,12996,10000,0
114,114,12996,10000,0
114,114,12996,10000,0
114,114,12996,10000,0
114,114,12996,10000,0
115,115,13225,10000,0
115,115,13225,10000,0
115,115,13225,10000,0
115,115,13225,10000,0
115,115,13225,10000,0
115,115,13225,10000,0
115,115,13225,10000,0
115,115,13225,10000,0
115,115,13225,10000,0
115,115,13225,10000,0
115,115,13225,10000,0
115,115,13225,10000,0
115,115,13225,10000,0
115,115,13225,10000,0
115,115,13225,10000,0
115,115,13225,10000,0
115,115,13225,10000,0
115,115,13225,10000,0
115,115,13225,10000,0
115,115,13225,10000,0
115,115,13225,10000,0
115,115,13225,10000,0
115,115,13225,10000,0
115,115,13225,10000,0
115,115,13225,10000,0
115,115,13225,10000,0
115,115,13225,10000,0
115,115,13225,10000,0
115,115,13225,10000,0
115,115,13225,10000,0
115,115,13225,10000,0
115,115,13225,10000,0
115,115,13225,10000,0
115,115,13225,10000,0
115,115,13225,10000,0
115,115,13225,10000,0
115,115,13225,10000,0
115,115,13225,10000,0
115,115,13225,10000,0
115,115,13225,10000,0
115,115,13225,10000,0
115,115,13225,10000,0
115,115,13225,10000,0
115,115,13225,9327,1
115,115,13225,10000,0
115,115,13225,10000,0
115,115,13225,10000,0
115,115,13225,10000,0
115,115,13225,10000,0
115,115,13225,10000,0
115,115,13225,10000,0
115,115,13225,10000,0
115,115,13225,10000,0
115,115,13225,10000,0
115,115,13225,10000,0
115,115,13225,10000,0
115,115,13225,10000,0
115,115,13225,10000,0
115,115,13225,10000,0
115,115,13225,10000,0
115,115,13225,10000,0
115,115,13225,10000,0
115,115,13225,10000,0
115,115,13225,10000,0
115,115,13225,10000,0
115,115,13225,10000,0
115,115,13225,10000,0
115,115,13225,10000,0
115,115,13225,10000,0
115,115,13225,10000,0
115,115,13225,10000,0
115,115,13225,10000,0
115,115,13225,10000,0
115,115,13225,10000,0
115,115,13225,10000,0
115,115,13225,10000,0
115,115,13225,10000,0
115,115,13225,10000,0
115,115,13225,10000,0
115,115,13225,10000,0
115,115,13225,10000,0
115,115,13225,10000,0
115,115,13225,10000,0
115,115,13225,10000,0
115,115,13225,10000,0
115,115,13225,10000,0
115,115,13225,10000,0
115,115,13225,10000,0
115,115,13225,10000,0
115,115,13225,10000,0
115,115,13225,10000,0
115,115,13225,10000,0
115,115,13225,10000,0
115,115,13225,10000,0
115,115,13225,10000,0
115,115,13225,10000,0
115,115,13225,10000,0
115,115,13225,10000,0
115,115,13225,10000,0
115,115,13225,9876,1
116,116,13456,10000,0
116,116,13456,10000,0
116,116,13456,10000,0
116,116,13456,10000,0
116,116,13456,10000,0
116,116,13456,10000,0
116,116,13456,10000,0
116,116,13456,10000,0
116,116,13456,10000,0
116,116,13456,10000,0
116,116,13456,10000,0
116,116,13456,10000,0
116,116,13456,10000,0
116,116,13456,10000,0
116,116,13456,10000,0
116,116,13456,10000,0
116,116,13456,10000,0
116,116,13456,10000,0
116,116,13456,10000,0
116,116,13456,10000,0
116,116,13456,10000,0
116,116,13456,10000,0
116,116,13456,10000,0
116,116,13456,10000,0
116,116,13456,10000,0
116,116,13456,10000,0
116,116,13456,10000,0
116,116,13456,10000,0
116,116,13456,10000,0
116,116,13456,10000,0
116,116,13456,10000,0
116,116,13456,9642,1
116,116,13456,10000,0
116,116,13456,10000,0
116,116,13456,10000,0
116,116,13456,10000,0
116,116,13456,10000,0
116,116,13456,10000,0
116,116,13456,10000,0
116,116,13456,10000,0
116,116,13456,10000,0
116,116,13456,10000,0
116,116,13456,10000,0
116,116,13456,10000,0
116,116,13456,10000,0
116,116,13456,10000,0
116,116,13456,10000,0
116,116,13456,10000,0
116,116,13456,10000,0
116,116,13456,10000,0
116,116,13456,10000,0
116,116,13456,10000,0
116,116,13456,10000,0
116,116,13456,10000,0
116,116,13456,10000,0
116,116,13456,10000,0
116,116,13456,10000,0
116,116,13456,10000,0
116,116,13456,10000,0
116,116,13456,10000,0
116,116,13456,10000,0
116,116,13456,10000,0
116,116,13456,10000,0
116,116,13456,10000,0
116,116,13456,10000,0
116,116,13456,10000,0
116,116,13456,10000,0
116,116,13456,10000,0
116,116,13456,10000,0
116,116,13456,10000,0
116,116,13456,10000,0
116,116,13456,10000,0
116,116,13456,10000,0
116,116,13456,10000,0
116,116,13456,10000,0
116,116,13456,10000,0
116,116,13456,10000,0
116,116,13456,10000,0
116,116,13456,10000,0
116,116,13456,10000,0
116,116,13456,10000,0
116,116,13456,10000,0
116,116,13456,10000,0
116,116,13456,10000,0
116,116,13456,10000,0
116,116,13456,10000,0
116,116,13456,10000,0
116,116,13456,10000,0
116,116,13456,10000,0
116,116,13456,10000,0
116,116,13456,10000,0
116,116,13456,10000,0
116,116,13456,10000,0
116,116,13456,10000,0
116,116,13456,10000,0
116,116,13456,10000,0
116,116,13456,10000,0
116,116,13456,10000,0
116,116,13456,10000,0
116,116,13456,10000,0
117,117,13689,10000,0
117,117,13689,10000,0
117,117,13689,10000,0
117,117,13689,10000,0
117,117,13689,10000,0
117,117,13689,10000,0
117,117,13689,10000,0
117,117,13689,10000,0
117,117,13689,10000,0
117,117,13689,10000,0
117,117,13689,10000,0
117,117,13689,10000,0
117,117,13689,10000,0
117,117,13689,10000,0
117,117,13689,10000,0
117,117,13689,10000,0
117,117,13689,10000,0
117,117,13689,10000,0
117,117,13689,10000,0
117,117,13689,10000,0
117,117,13689,10000,0
117,117,13689,10000,0
117,117,13689,10000,0
117,117,13689,10000,0
117,117,13689,10000,0
117,117,13689,10000,0
117,117,13689,10000,0
117,117,13689,10000,0
117,117,13689,10000,0
117,117,13689,10000,0
117,117,13689,10000,0
117,117,13689,10000,0
117,117,13689,10000,0
117,117,13689,10000,0
117,117,13689,10000,0
117,117,13689,10000,0
117,117,13689,10000,0
117,117,13689,10000,0
117,117,13689,10000,0
117,117,13689,10000,0
117,117,13689,10000,0
117,117,13689,10000,0
117,117,13689,10000,0
117,117,13689,10000,0
117,117,13689,10000,0
117,117,13689,10000,0
117,117,13689,10000,0
117,117,13689,10000,0
117,117,13689,10000,0
117,117,13689,10000,0
117,117,13689,10000,0
117,117,13689,10000,0
117,117,13689,10000,0
117,117,13689,10000,0
117,117,13689,10000,0
117,117,13689,10000,0
117,117,13689,10000,0
117,117,13689,10000,0
117,117,13689,10000,0
117,117,13689,10000,0
117,117,13689,10000,0
117,117,13689,10000,0
117,117,13689,10000,0
117,117,13689,10000,0
117,117,13689,10000,0
117,117,13689,10000,0
117,117,13689,10000,0
117,117,13689,10000,0
117,117,13689,10000,0
117,117,13689,10000,0
117,117,13689,10000,0
117,117,13689,10000,0
117,117,13689,10000,0
117,117,13689,10000,0
117,117,13689,10000,0
117,117,13689,10000,0
117,117,13689,10000,0
117,117,13689,10000,0
117,117,13689,10000,0
117,117,13689,10000,0
117,117,13689,10000,0
117,117,13689,10000,0
117,117,13689,10000,0
117,117,13689,10000,0
117,117,13689,10000,0
117,117,13689,10000,0
117,117,13689,10000,0
117,117,13689,10000,0
117,117,13689,10000,0
117,117,13689,10000,0
117,117,13689,10000,0
117,117,13689,10000,0
117,117,13689,10000,0
117,117,13689,10000,0
117,117,13689,10000,0
117,117,13689,10000,0
117,117,13689,10000,0
117,117,13689,10000,0
117,117,13689,10000,0
117,117,13689,10000,0
118,118,13924,10000,0
118,118,13924,10000,0
118,118,13924,10000,0
118,118,13924,10000,0
118,118,13924,10000,0
118,118,13924,10000,0
118,118,13924,10000,0
118,118,13924,10000,0
118,118,13924,10000,0
118,118,13924,10000,0
118,118,13924,10000,0
118,118,13924,10000,0
118,118,13924,10000,0
118,118,13924,10000,0
118,118,13924,10000,0
118,118,13924,10000,0
118,118,13924,10000,0
118,118,13924,10000,0
118,118,13924,10000,0
118,118,13924,10000,0
118,118,13924,10000,0
118,118,13924,10000,0
118,118,13924,10000,0
118,118,13924,10000,0
118,118,13924,10000,0
118,118,13924,10000,0
118,118,13924,10000,0
118,118,13924,10000,0
118,118,13924,10000,0
118,118,13924,10000,0
118,118,13924,10000,0
118,118,13924,10000,0
118,118,13924,10000,0
118,118,13924,10000,0
118,118,13924,10000,0
118,118,13924,10000,0
118,118,13924,10000,0
118,118,13924,10000,0
118,118,13924,10000,0
118,118,13924,10000,0
118,118,13924,10000,0
118,118,13924,10000,0
118,118,13924,10000,0
118,118,13924,10000,0
118,118,13924,10000,0
118,118,13924,10000,0
118,118,13924,10000,0
118,118,13924,10000,0
118,118,13924,10000,0
118,118,13924,10000,0
118,118,13924,10000,0
118,118,13924,10000,0
118,118,13924,10000,0
118,118,13924,10000,0
118,118,13924,10000,0
118,118,13924,10000,0
118,118,13924,10000,0
118,118,13924,10000,0
118,118,13924,10000,0
118,118,13924,10000,0
118,118,13924,10000,0
118,118,13924,10000,0
118,118,13924,10000,0
118,118,13924,10000,0
118,118,13924,10000,0
118,118,13924,10000,0
118,118,13924,10000,0
118,118,13924,10000,0
118,118,13924,10000,0
118,118,13924,10000,0
118,118,13924,10000,0
118,118,13924,10000,0
118,118,13924,10000,0
118,118,13924,10000,0
118,118,13924,10000,0
118,118,13924,10000,0
118,118,13924,10000,0
118,118,13924,10000,0
118,118,13924,10000,0
118,118,13924,10000,0
118,118,13924,10000,0
118,118,13924,10000,0
118,118,13924,10000,0
118,118,13924,10000,0
118,118,13924,10000,0
118,118,13924,10000,0
118,118,13924,10000,0
118,118,13924,10000,0
118,118,13924,10000,0
118,118,13924,10000,0
118,118,13924,10000,0
118,118,13924,10000,0
118,118,13924,10000,0
118,118,13924,9662,1
118,118,13924,10000,0
118,118,13924,10000,0
118,118,13924,10000,0
118,118,13924,10000,0
118,118,13924,10000,0
118,118,13924,10000,0
119,119,14161,10000,0
119,119,14161,10000,0
119,119,14161,10000,0
119,119,14161,10000,0
119,119,14161,10000,0
119,119,14161,9148,1
119,119,14161,10000,0
119,119,14161,10000,0
119,119,14161,10000,0
119,119,14161,10000,0
119,119,14161,10000,0
119,119,14161,10000,0
119,119,14161,10000,0
119,119,14161,10000,0
119,119,14161,10000,0
119,119,14161,10000,0
119,119,14161,10000,0
119,119,14161,10000,0
119,119,14161,10000,0
119,119,14161,10000,0
119,119,14161,10000,0
119,119,14161,10000,0
119,119,14161,10000,0
119,119,14161,10000,0
119,119,14161,10000,0
119,119,14161,10000,0
119,119,14161,10000,0
119,119,14161,10000,0
119,119,14161,10000,0
119,119,14161,10000,0
119,119,14161,10000,0
119,119,14161,10000,0
119,119,14161,10000,0
119,119,14161,10000,0
119,119,14161,10000,0
119,119,14161,10000,0
119,119,14161,10000,0
119,119,14161,10000,0
119,119,14161,10000,0
119,119,14161,10000,0
119,119,14161,10000,0
119,119,14161,10000,0
119,119,14161,10000,0
119,119,14161,10000,0
119,119,14161,10000,0
119,119,14161,10000,0
119,119,14161,10000,0
119,119,14161,10000,0
119,119,14161,10000,0
119,119,14161,10000,0
119,119,14161,10000,0
119,119,14161,10000,0
119,119,14161,10000,0
119,119,14161,10000,0
119,119,14161,10000,0
119,119,14161,10000,0
119,119,14161,10000,0
119,119,14161,10000,0
119,119,14161,10000,0
119,119,14161,10000,0
119,119,14161,10000,0
119,119,14161,10000,0
119,119,14161,10000,0
119,119,14161,10000,0
119,119,14161,10000,0
119,119,14161,10000,0
119,119,14161,10000,0
119,119,14161,10000,0
119,119,14161,10000,0
119,119,14161,10000,0
119,119,14161,10000,0
119,119,14161,10000,0
119,119,14161,10000,0
119,119,14161,10000,0
119,119,14161,10000,0
119,119,14161,10000,0
119,119,14161,10000,0
119,119,14161,10000,0
119,119,14161,10000,0
119,119,14161,10000,0
119,119,14161,10000,0
119,119,14161,10000,0
119,119,14161,10000,0
119,119,14161,10000,0
119,119,14161,10000,0
119,119,14161,10000,0
119,119,14161,10000,0
119,119,14161,10000,0
119,119,14161,10000,0
119,119,14161,10000,0
119,119,14161,10000,0
119,119,14161,10000,0
119,119,14161,10000,0
119,119,14161,10000,0
119,119,14161,10000,0
119,119,14161,10000,0
119,119,14161,10000,0
119,119,14161,10000,0
119,119,14161,10000,0
119,119,14161,10000,0
120,120,14400,10000,0
120,120,14400,10000,0
120,120,14400,10000,0
120,120,14400,10000,0
120,120,14400,10000,0
120,120,14400,10000,0
120,120,14400,10000,0
120,120,14400,10000,0
120,120,14400,10000,0
120,120,14400,10000,0
120,120,14400,10000,0
120,120,14400,10000,0
120,120,14400,10000,0
120,120,14400,10000,0
120,120,14400,10000,0
120,120,14400,10000,0
120,120,14400,10000,0
120,120,14400,10000,0
120,120,14400,10000,0
120,120,14400,10000,0
120,120,14400,10000,0
120,120,14400,10000,0
120,120,14400,10000,0
120,120,14400,10000,0
120,120,14400,10000,0
120,120,14400,10000,0
120,120,14400,10000,0
120,120,14400,10000,0
120,120,14400,10000,0
120,120,14400,10000,0
120,120,14400,10000,0
120,120,14400,10000,0
120,120,14400,10000,0
120,120,14400,10000,0
120,120,14400,10000,0
120,120,14400,10000,0
120,120,14400,10000,0
120,120,14400,10000,0
120,120,14400,10000,0
120,120,14400,10000,0
120,120,14400,10000,0
120,120,14400,10000,0
120,120,14400,10000,0
120,120,14400,10000,0
120,120,14400,10000,0
120,120,14400,10000,0
120,120,14400,10000,0
120,120,14400,10000,0
120,120,14400,10000,0
120,120,14400,10000,0
120,120,14400,10000,0
120,120,14400,10000,0
120,120,14400,10000,0
120,120,14400,10000,0
120,120,14400,10000,0
120,120,14400,10000,0
120,120,14400,10000,0
120,120,14400,10000,0
120,120,14400,10000,0
120,120,14400,10000,0
120,120,14400,10000,0
120,120,14400,10000,0
120,120,14400,10000,0
120,120,14400,10000,0
120,120,14400,10000,0
120,120,14400,10000,0
120,120,14400,10000,0
120,120,14400,10000,0
120,120,14400,10000,0
120,120,14400,10000,0
120,120,14400,10000,0
120,120,14400,10000,0
120,120,14400,10000,0
120,120,14400,10000,0
120,120,14400,10000,0
120,120,14400,10000,0
120,120,14400,10000,0
120,120,14400,10000,0
120,120,14400,10000,0
120,120,14400,10000,0
120,120,14400,10000,0
120,120,14400,10000,0
120,120,14400,10000,0
120,120,14400,10000,0
120,120,14400,10000,0
120,120,14400,10000,0
120,120,14400,10000,0
120,120,14400,10000,0
120,120,14400,10000,0
120,120,14400,10000,0
120,120,14400,10000,0
120,120,14400,10000,0
120,120,14400,10000,0
120,120,14400,10000,0
120,120,14400,10000,0
120,120,14400,10000,0
120,120,14400,10000,0
120,120,14400,10000,0
120,120,14400,10000,0
120,120,14400,10000,0
